size_sqft,bedrooms,bathrooms,location,property_type,property_age,has_parking,distance_to_metro_km,price
1120,2,2,Bangalore,Apartment,20,0,2.04,46.4
1861,3,2,Delhi,Apartment,5,0,11.91,105.43
1452,3,3,Bangalore,Apartment,9,0,11.69,67.33
1093,2,2,Mumbai,Apartment,4,1,2.21,78.93
2115,4,4,Delhi,Apartment,8,0,2.92,154.29
1834,4,5,Delhi,Apartment,7,1,5.22,147.1
1326,2,3,Delhi,Apartment,11,1,10.76,54.5
902,2,2,Bangalore,Apartment,12,0,9.67,17.28
3867,5,5,Mumbai,Builder Floor,10,0,8.59,309.05
1227,3,4,Delhi,Apartment,0,0,3.87,85.57
2071,3,3,Mumbai,Builder Floor,0,1,11.67,138.52
1242,2,2,Delhi,Builder Floor,9,1,2.58,72.03
945,2,2,Bangalore,Apartment,22,1,6.57,35.11
1995,3,4,Bangalore,Apartment,24,0,5.59,94.56
1180,2,2,Mumbai,Apartment,24,0,1.5,77.14
3182,4,4,Mumbai,Apartment,8,1,8.37,242.21
1223,2,2,Bangalore,Villa,19,1,11.67,84.62
930,2,2,Delhi,Apartment,1,1,0.59,55.32
1837,3,2,Delhi,Builder Floor,5,0,8.13,104.68
1047,2,2,Mumbai,Apartment,15,1,1.98,67.8
1970,3,3,Mumbai,Apartment,3,0,6.24,136.84
1839,3,3,Bangalore,Villa,10,0,1.54,148.82
2062,4,4,Delhi,Apartment,15,1,6.45,143.16
948,2,2,Mumbai,Apartment,19,1,9.4,55.33
553,1,1,Mumbai,Apartment,15,0,8.03,15.0
1919,3,4,Bangalore,Builder Floor,3,0,4.04,92.68
1334,3,3,Bangalore,Apartment,15,0,4.54,74.63
1425,3,3,Bangalore,Builder Floor,14,1,2.5,78.39
1396,2,2,Bangalore,Builder Floor,11,1,11.46,47.75
3622,5,6,Mumbai,Apartment,20,0,3.37,300.71
1172,2,2,Delhi,Apartment,14,1,1.85,68.67
2010,3,3,Mumbai,Builder Floor,9,1,9.76,140.65
2702,4,4,Bangalore,Builder Floor,19,1,8.48,143.13
900,2,2,Mumbai,Apartment,21,1,0.56,66.57
2877,4,4,Bangalore,Villa,0,1,3.4,232.61
799,1,1,Mumbai,Apartment,7,1,11.72,32.23
969,2,2,Delhi,Apartment,22,0,2.38,53.15
571,1,1,Delhi,Apartment,21,1,7.99,15.0
3203,5,5,Delhi,Apartment,22,0,6.88,215.93
496,1,1,Delhi,Builder Floor,19,0,0.4,15.0
1811,3,3,Delhi,Apartment,4,1,7.47,111.7
1641,3,3,Bangalore,Apartment,12,0,1.03,88.8
833,1,1,Delhi,Apartment,2,1,5.61,37.7
4365,5,5,Bangalore,Apartment,12,0,4.65,263.18
1926,3,2,Bangalore,Apartment,9,0,9.81,92.85
1612,3,2,Bangalore,Apartment,20,1,6.67,77.38
948,2,2,Delhi,Villa,16,1,4.22,92.96
1416,3,3,Delhi,Apartment,16,1,6.06,92.76
868,2,2,Bangalore,Villa,8,1,4.39,88.36
993,2,2,Mumbai,Builder Floor,11,0,8.14,61.59
1768,3,2,Bangalore,Apartment,9,1,11.95,88.7
1950,3,2,Delhi,Apartment,11,1,10.09,120.1
1242,2,3,Delhi,Villa,1,0,1.2,109.72
1710,3,4,Bangalore,Apartment,3,1,8.56,86.0
1016,2,2,Delhi,Apartment,18,0,6.01,37.07
766,1,2,Mumbai,Apartment,0,1,3.0,51.29
1258,2,3,Delhi,Villa,20,1,0.34,115.83
676,1,1,Bangalore,Apartment,17,0,2.76,15.0
4089,5,5,Mumbai,Apartment,24,1,11.51,311.04
971,2,2,Delhi,Apartment,7,1,7.09,50.18
4227,5,5,Mumbai,Apartment,16,0,5.05,331.64
839,1,2,Bangalore,Builder Floor,14,1,1.18,25.41
854,2,1,Bangalore,Apartment,21,1,11.85,15.0
3294,5,5,Bangalore,Apartment,1,0,1.78,232.45
646,1,2,Delhi,Villa,2,1,9.27,64.64
850,2,3,Bangalore,Apartment,3,0,8.13,37.25
921,2,1,Delhi,Apartment,1,1,10.01,44.56
1078,2,2,Delhi,Apartment,10,0,1.81,72.76
947,2,2,Mumbai,Apartment,18,1,4.31,57.51
1762,3,3,Bangalore,Builder Floor,3,1,10.14,96.94
518,1,2,Bangalore,Apartment,1,0,7.67,15.0
633,1,1,Mumbai,Builder Floor,17,1,2.84,20.65
1383,2,1,Bangalore,Apartment,4,1,2.63,85.49
698,1,1,Delhi,Apartment,14,1,2.05,29.84
741,1,2,Bangalore,Apartment,2,0,2.67,41.38
1065,2,2,Delhi,Apartment,13,0,1.77,52.96
2162,4,4,Bangalore,Apartment,17,1,6.48,126.19
722,1,1,Delhi,Apartment,11,0,4.25,15.0
1082,2,2,Mumbai,Builder Floor,3,1,7.12,63.46
1367,2,3,Delhi,Villa,23,1,4.1,110.12
726,1,1,Mumbai,Apartment,15,0,2.4,32.84
1397,2,3,Delhi,Apartment,1,1,11.03,65.76
4129,5,5,Mumbai,Apartment,24,1,6.51,325.31
3335,5,5,Bangalore,Apartment,19,0,1.56,216.93
988,2,3,Bangalore,Apartment,10,1,4.56,60.23
617,1,2,Bangalore,Apartment,4,0,1.58,34.02
1618,3,3,Bangalore,Apartment,4,1,11.59,85.17
484,1,2,Delhi,Builder Floor,7,1,9.06,15.0
2988,4,5,Mumbai,Builder Floor,13,1,4.43,237.1
1375,2,3,Bangalore,Apartment,5,1,5.38,65.24
1352,2,2,Bangalore,Apartment,7,0,6.61,63.33
1699,3,3,Bangalore,Builder Floor,0,1,10.75,81.82
546,1,1,Mumbai,Apartment,22,0,2.61,25.38
846,1,1,Bangalore,Apartment,23,1,6.13,17.7
1173,2,2,Delhi,Apartment,18,1,6.6,48.87
2349,4,4,Mumbai,Builder Floor,14,0,7.46,171.97
659,1,1,Mumbai,Apartment,7,1,11.2,27.83
1305,3,3,Mumbai,Villa,8,1,8.89,144.89
2613,4,4,Delhi,Apartment,13,0,10.08,151.65
1630,3,2,Bangalore,Apartment,9,1,0.25,97.22
1386,2,3,Delhi,Builder Floor,1,1,5.87,71.8
3005,4,4,Mumbai,Apartment,19,1,11.0,220.47
1861,3,3,Delhi,Apartment,20,1,11.71,102.87
1209,2,2,Bangalore,Builder Floor,12,1,5.24,51.63
1134,2,2,Bangalore,Builder Floor,15,1,0.98,61.1
963,2,2,Mumbai,Villa,3,0,10.37,83.11
1307,2,3,Delhi,Apartment,0,0,2.04,75.43
1292,2,2,Delhi,Apartment,24,1,2.31,65.08
1267,2,3,Delhi,Villa,23,1,11.56,91.0
856,2,2,Bangalore,Builder Floor,22,1,1.65,27.8
1281,3,4,Mumbai,Apartment,4,0,3.26,93.58
2133,3,3,Bangalore,Villa,1,1,2.79,173.9
1792,3,4,Mumbai,Apartment,13,1,2.35,148.81
1480,3,3,Delhi,Apartment,21,1,11.82,76.14
664,1,1,Delhi,Apartment,17,1,9.82,15.0
1191,2,1,Bangalore,Apartment,5,1,3.16,59.33
1250,2,2,Delhi,Builder Floor,13,0,2.16,59.82
998,2,3,Mumbai,Apartment,3,1,3.71,70.81
1255,2,2,Bangalore,Builder Floor,3,1,2.11,66.82
922,2,1,Bangalore,Apartment,0,1,8.32,39.22
980,2,1,Mumbai,Apartment,5,1,4.46,70.97
767,1,2,Mumbai,Builder Floor,7,1,9.16,34.38
1399,3,3,Bangalore,Villa,11,0,11.85,111.84
566,1,1,Mumbai,Builder Floor,15,0,5.18,15.0
1571,3,4,Delhi,Apartment,9,1,7.87,90.7
2994,4,4,Mumbai,Apartment,22,0,3.92,239.35
2120,3,3,Bangalore,Apartment,15,1,10.54,102.46
718,1,1,Mumbai,Apartment,6,0,0.82,41.05
685,1,1,Mumbai,Apartment,24,1,5.13,20.43
591,1,1,Delhi,Apartment,3,1,7.15,27.38
2384,4,3,Bangalore,Builder Floor,23,0,11.49,118.88
3842,5,6,Mumbai,Apartment,12,1,8.97,303.95
1159,2,2,Bangalore,Apartment,13,0,2.28,54.28
903,2,3,Bangalore,Apartment,8,1,11.94,28.81
911,2,3,Mumbai,Apartment,2,0,2.84,74.22
554,1,1,Mumbai,Apartment,8,0,10.26,22.86
1386,2,2,Mumbai,Apartment,1,1,4.6,100.26
765,1,1,Bangalore,Apartment,12,1,6.04,32.92
1897,3,3,Delhi,Builder Floor,7,1,3.35,120.78
2615,4,4,Mumbai,Apartment,12,1,8.23,211.07
1206,3,4,Bangalore,Apartment,24,0,9.94,54.82
805,1,1,Bangalore,Apartment,11,0,3.59,17.16
2516,5,4,Delhi,Apartment,23,1,1.72,197.73
2371,4,4,Bangalore,Apartment,21,1,8.32,132.04
866,2,2,Bangalore,Apartment,9,1,0.88,46.57
2147,3,3,Mumbai,Builder Floor,10,1,4.59,166.29
1387,2,2,Delhi,Apartment,3,1,5.53,82.62
979,2,2,Delhi,Apartment,10,0,11.42,41.03
870,2,3,Bangalore,Villa,19,1,3.44,89.05
1012,2,1,Bangalore,Apartment,23,1,10.4,28.48
2929,5,5,Bangalore,Apartment,20,0,5.55,190.9
3415,5,5,Bangalore,Apartment,13,1,7.37,216.77
1350,2,2,Mumbai,Apartment,12,0,5.68,83.43
1210,3,3,Bangalore,Builder Floor,5,1,8.75,64.77
525,1,2,Mumbai,Apartment,15,1,2.68,26.31
2388,4,3,Delhi,Apartment,6,0,6.9,152.28
2193,3,2,Bangalore,Apartment,7,1,8.54,124.28
3141,4,4,Mumbai,Apartment,6,1,6.73,247.78
2094,3,3,Bangalore,Apartment,9,1,8.75,105.39
1346,3,4,Bangalore,Apartment,7,1,5.32,94.08
660,1,1,Bangalore,Apartment,2,0,4.96,15.0
2661,4,5,Delhi,Apartment,23,1,4.28,168.68
2651,5,5,Mumbai,Apartment,8,1,8.76,228.81
1445,3,3,Mumbai,Apartment,12,1,10.06,99.34
1299,3,4,Mumbai,Apartment,9,0,11.66,85.32
1230,2,2,Mumbai,Apartment,24,1,1.32,87.12
877,2,2,Bangalore,Apartment,4,0,9.33,31.59
1119,2,2,Bangalore,Apartment,9,1,1.92,62.46
2171,3,3,Delhi,Apartment,19,1,7.35,129.79
2023,3,3,Mumbai,Apartment,5,0,1.52,154.83
742,1,2,Bangalore,Villa,0,0,5.54,68.89
725,1,2,Mumbai,Villa,10,0,4.01,66.1
1383,3,3,Delhi,Apartment,22,1,1.85,94.49
824,1,1,Bangalore,Apartment,0,1,2.04,34.17
3698,5,5,Mumbai,Apartment,22,1,8.26,303.8
1787,3,2,Bangalore,Villa,13,1,7.29,140.04
3127,4,4,Delhi,Villa,1,1,0.77,267.77
1788,3,3,Mumbai,Villa,3,1,9.23,176.44
1331,2,2,Bangalore,Apartment,22,1,9.85,44.73
925,2,2,Mumbai,Apartment,20,1,6.67,53.44
1140,2,2,Delhi,Apartment,10,1,8.08,42.96
2615,4,5,Bangalore,Apartment,24,1,4.91,144.94
892,2,2,Delhi,Apartment,13,1,11.48,39.95
900,2,1,Bangalore,Apartment,12,1,1.4,50.27
1343,2,2,Mumbai,Apartment,2,1,1.26,104.86
2149,4,4,Mumbai,Apartment,11,0,6.4,170.6
747,1,2,Delhi,Apartment,6,1,4.61,34.64
1225,3,3,Delhi,Builder Floor,23,1,10.11,72.6
1003,2,2,Delhi,Apartment,23,1,5.2,46.88
1091,2,2,Bangalore,Apartment,2,1,5.78,51.6
742,1,1,Mumbai,Apartment,10,0,4.81,34.64
534,1,1,Delhi,Apartment,21,1,8.75,15.0
1151,2,1,Delhi,Apartment,5,1,3.44,65.38
1274,2,2,Bangalore,Apartment,16,1,8.1,44.46
1975,3,4,Delhi,Apartment,2,1,4.03,132.72
1997,3,3,Delhi,Apartment,11,0,11.55,114.53
1510,3,3,Delhi,Apartment,24,1,0.21,95.84
1128,2,2,Delhi,Apartment,4,1,9.27,60.19
1283,3,3,Delhi,Builder Floor,7,1,1.71,92.67
600,1,1,Delhi,Apartment,8,0,11.26,15.0
1029,2,2,Delhi,Builder Floor,3,1,2.11,71.49
861,2,3,Delhi,Builder Floor,5,1,4.69,57.97
1933,4,3,Mumbai,Apartment,19,1,4.01,160.01
4291,5,6,Delhi,Apartment,24,1,3.9,281.98
785,1,1,Bangalore,Apartment,19,1,4.9,16.55
474,1,1,Bangalore,Apartment,11,1,5.3,15.0
1296,2,2,Bangalore,Apartment,10,1,7.87,52.02
3776,5,5,Mumbai,Apartment,8,1,2.21,323.43
1693,3,2,Bangalore,Apartment,3,1,2.9,100.31
1621,3,3,Mumbai,Apartment,4,1,5.51,125.01
941,2,2,Mumbai,Apartment,4,1,11.57,55.38
1860,3,3,Delhi,Apartment,23,1,2.74,103.94
1062,2,2,Bangalore,Apartment,12,0,4.58,43.09
1359,2,2,Delhi,Builder Floor,7,1,7.45,79.33
1246,2,1,Bangalore,Apartment,23,0,8.32,41.06
681,1,1,Mumbai,Apartment,22,1,10.76,15.0
2155,3,3,Bangalore,Apartment,18,0,11.86,95.79
1682,3,2,Bangalore,Apartment,19,1,4.37,96.89
1248,2,3,Mumbai,Apartment,18,0,1.36,73.69
817,1,2,Mumbai,Apartment,7,1,7.57,47.06
498,1,1,Delhi,Apartment,8,1,6.46,24.28
1487,3,3,Delhi,Apartment,10,0,1.51,106.03
764,1,1,Delhi,Villa,24,0,3.43,61.29
571,1,2,Mumbai,Apartment,6,1,11.04,32.44
1860,3,4,Delhi,Apartment,7,1,2.33,128.91
1315,2,1,Bangalore,Apartment,14,0,11.59,35.72
493,1,1,Mumbai,Apartment,4,1,6.2,36.08
3190,4,5,Bangalore,Builder Floor,14,0,6.78,170.29
1714,3,4,Mumbai,Builder Floor,9,1,3.87,131.17
1311,3,3,Delhi,Builder Floor,9,1,0.62,97.55
826,1,1,Mumbai,Apartment,22,1,6.12,43.86
1426,3,2,Delhi,Apartment,20,0,2.3,76.15
637,1,1,Bangalore,Builder Floor,22,1,6.22,15.0
2087,3,3,Delhi,Apartment,17,1,0.47,128.36
1410,3,2,Bangalore,Builder Floor,11,1,8.55,53.72
632,1,1,Bangalore,Builder Floor,17,1,0.94,21.65
2024,3,4,Bangalore,Builder Floor,0,1,7.71,105.84
1874,4,4,Delhi,Villa,15,0,6.87,163.36
556,1,1,Delhi,Apartment,21,0,6.31,15.0
1848,4,4,Bangalore,Builder Floor,3,0,1.15,122.82
1162,2,1,Bangalore,Apartment,21,0,1.75,46.12
813,1,1,Delhi,Apartment,6,0,10.89,23.15
1031,2,2,Bangalore,Builder Floor,12,0,2.05,42.08
1382,2,2,Bangalore,Builder Floor,6,0,2.99,56.67
1321,2,2,Mumbai,Apartment,20,0,5.14,79.71
754,1,1,Bangalore,Apartment,20,1,4.32,15.0
645,1,1,Bangalore,Villa,6,1,6.63,61.94
1272,2,2,Bangalore,Apartment,1,0,5.61,50.06
451,1,1,Bangalore,Apartment,1,0,10.37,15.0
1493,3,4,Delhi,Apartment,2,0,9.48,92.82
1381,2,2,Delhi,Builder Floor,19,1,2.62,65.7
3549,5,5,Delhi,Apartment,24,0,4.26,229.81
1076,2,1,Mumbai,Apartment,24,1,1.3,66.91
746,1,1,Bangalore,Builder Floor,7,1,4.87,18.83
1317,2,2,Delhi,Builder Floor,6,1,4.48,70.05
1719,3,4,Mumbai,Apartment,4,1,7.46,123.24
2613,4,4,Bangalore,Apartment,12,1,8.08,144.51
474,1,1,Bangalore,Builder Floor,19,1,1.14,15.0
714,1,2,Delhi,Apartment,5,1,3.91,32.42
1075,2,3,Delhi,Apartment,15,1,9.95,54.06
1395,2,2,Mumbai,Apartment,17,1,7.88,89.93
1138,2,1,Delhi,Apartment,1,0,0.25,67.15
597,1,1,Mumbai,Builder Floor,22,0,4.22,15.0
762,1,1,Delhi,Builder Floor,19,1,10.48,15.0
2044,3,4,Mumbai,Apartment,0,1,0.2,158.65
1350,2,2,Mumbai,Apartment,18,1,1.51,83.2
793,1,1,Delhi,Villa,22,0,8.55,58.49
1972,4,5,Mumbai,Apartment,8,0,9.99,160.4
2197,4,4,Bangalore,Apartment,3,0,3.05,129.96
1938,3,3,Delhi,Builder Floor,8,0,10.85,96.38
1821,3,3,Mumbai,Apartment,22,1,10.09,110.5
1668,3,3,Bangalore,Apartment,15,1,7.27,83.5
842,1,1,Bangalore,Apartment,1,1,6.95,20.82
1376,2,2,Delhi,Apartment,19,1,7.36,59.53
1868,3,3,Mumbai,Builder Floor,6,0,2.96,134.11
4107,5,5,Delhi,Apartment,21,0,4.47,259.29
585,1,1,Delhi,Apartment,0,1,5.78,15.0
898,2,1,Delhi,Apartment,7,0,1.47,42.23
2144,3,3,Delhi,Builder Floor,10,0,3.48,125.79
1032,2,3,Bangalore,Villa,10,0,5.52,83.05
617,1,1,Bangalore,Apartment,20,0,8.16,15.0
607,1,1,Mumbai,Apartment,16,1,8.3,22.98
1269,2,2,Mumbai,Apartment,14,1,9.06,74.35
2758,4,4,Delhi,Apartment,1,1,7.26,182.06
650,1,1,Mumbai,Apartment,19,1,8.94,23.37
1084,2,2,Bangalore,Apartment,14,0,1.65,53.52
1128,2,3,Delhi,Apartment,20,1,5.27,48.22
1387,3,3,Mumbai,Apartment,2,1,11.02,97.7
967,2,2,Bangalore,Apartment,23,1,2.17,36.72
575,1,1,Bangalore,Builder Floor,5,1,6.47,15.0
1685,3,3,Bangalore,Villa,12,1,2.9,135.52
812,1,1,Delhi,Apartment,18,0,9.12,15.0
1334,2,3,Bangalore,Apartment,9,1,5.79,62.39
508,1,2,Bangalore,Villa,12,1,9.33,50.6
1214,2,2,Mumbai,Apartment,22,1,3.77,68.46
2858,5,5,Bangalore,Builder Floor,23,1,1.98,185.76
722,1,1,Delhi,Apartment,7,0,9.55,15.0
2412,4,4,Mumbai,Apartment,20,1,4.37,195.25
695,1,1,Bangalore,Apartment,16,1,5.71,15.0
1781,3,3,Delhi,Builder Floor,3,0,2.6,108.56
1348,2,2,Mumbai,Builder Floor,20,1,5.01,81.43
3571,5,6,Bangalore,Apartment,16,1,3.72,238.75
1172,2,2,Bangalore,Apartment,14,1,11.13,53.65
1765,3,3,Delhi,Apartment,20,1,9.69,93.45
506,1,1,Mumbai,Apartment,18,0,11.94,15.0
590,1,1,Bangalore,Apartment,8,1,10.18,15.0
714,1,1,Delhi,Apartment,3,1,0.98,40.73
3113,4,3,Mumbai,Apartment,5,0,1.11,246.82
1855,3,3,Delhi,Apartment,1,1,8.07,114.1
876,2,1,Mumbai,Apartment,20,1,6.68,56.3
502,1,1,Bangalore,Builder Floor,21,0,8.69,15.0
1009,2,2,Delhi,Apartment,13,1,9.69,43.56
1054,2,3,Delhi,Apartment,11,1,3.55,56.31
1790,3,2,Bangalore,Apartment,17,0,8.54,82.19
2189,4,4,Bangalore,Apartment,10,1,1.73,146.64
2618,4,4,Bangalore,Apartment,5,1,11.58,156.83
1417,3,3,Mumbai,Apartment,24,1,0.25,116.0
4399,5,4,Mumbai,Builder Floor,24,0,1.44,350.06
2009,3,2,Delhi,Apartment,15,1,10.42,111.44
2072,3,2,Bangalore,Builder Floor,12,1,9.9,92.02
778,1,2,Delhi,Builder Floor,23,1,9.6,15.0
2073,4,4,Delhi,Apartment,11,0,8.25,132.12
1732,3,3,Mumbai,Apartment,12,0,1.52,134.32
614,1,2,Delhi,Apartment,21,1,11.4,15.0
1813,3,3,Delhi,Villa,19,0,5.68,155.41
1005,2,2,Bangalore,Apartment,7,0,10.31,35.06
624,1,2,Delhi,Apartment,4,0,0.41,29.37
861,2,1,Mumbai,Builder Floor,20,1,11.7,44.41
780,1,2,Mumbai,Apartment,24,0,2.64,31.13
3049,4,4,Mumbai,Villa,22,1,7.07,276.22
1283,2,2,Delhi,Apartment,8,0,8.76,50.2
2955,5,5,Mumbai,Builder Floor,10,0,4.27,247.49
1008,2,2,Delhi,Apartment,16,1,6.07,48.43
864,2,2,Delhi,Villa,20,1,7.53,77.89
1789,3,3,Bangalore,Apartment,2,0,5.46,94.7
2771,5,5,Mumbai,Builder Floor,24,0,5.62,232.42
807,1,1,Delhi,Builder Floor,5,0,9.55,18.63
1340,3,4,Delhi,Apartment,3,0,7.76,81.39
537,1,1,Bangalore,Builder Floor,21,1,10.06,15.0
2180,3,3,Delhi,Apartment,22,1,1.33,117.32
813,1,1,Delhi,Builder Floor,3,0,4.89,22.27
1208,2,2,Delhi,Apartment,16,1,3.16,72.55
1173,2,3,Bangalore,Builder Floor,12,1,0.52,52.63
3801,5,6,Bangalore,Apartment,8,1,7.06,244.21
1298,3,3,Mumbai,Builder Floor,18,0,5.28,83.69
1990,3,3,Mumbai,Apartment,17,0,7.18,139.64
1343,2,1,Delhi,Apartment,14,1,5.63,73.96
853,2,2,Bangalore,Apartment,16,1,3.53,44.3
703,1,1,Bangalore,Apartment,24,1,0.92,15.0
534,1,1,Mumbai,Apartment,18,0,2.46,21.69
1619,3,3,Bangalore,Apartment,12,1,3.77,97.85
831,1,1,Mumbai,Builder Floor,21,1,2.8,39.96
1121,2,1,Mumbai,Builder Floor,9,1,2.17,80.35
722,1,1,Mumbai,Builder Floor,24,0,6.81,15.0
1762,3,3,Bangalore,Apartment,23,0,2.33,85.35
575,1,1,Delhi,Apartment,8,0,4.28,17.77
4038,5,4,Bangalore,Apartment,11,1,5.34,250.3
977,2,3,Bangalore,Builder Floor,18,1,1.67,30.57
1873,3,3,Mumbai,Apartment,18,1,6.5,122.24
1374,2,3,Delhi,Builder Floor,2,1,2.88,74.59
1294,3,3,Mumbai,Builder Floor,1,1,8.14,103.18
1983,3,4,Mumbai,Apartment,17,0,2.12,133.48
502,1,1,Mumbai,Builder Floor,11,1,4.14,15.49
1517,3,2,Bangalore,Apartment,18,1,1.05,87.87
1138,2,2,Delhi,Apartment,6,1,2.55,66.62
1187,2,3,Bangalore,Villa,24,0,5.51,85.26
507,1,1,Delhi,Apartment,8,1,8.51,15.0
947,2,2,Delhi,Apartment,23,1,11.63,21.01
606,1,2,Mumbai,Apartment,8,0,7.27,15.0
772,1,1,Mumbai,Apartment,9,1,8.13,41.42
908,2,2,Bangalore,Apartment,3,1,1.45,53.86
1809,3,3,Bangalore,Apartment,0,0,7.08,98.32
1269,2,2,Delhi,Apartment,9,1,2.73,83.65
1356,2,1,Bangalore,Builder Floor,14,0,5.33,48.54
697,1,1,Mumbai,Apartment,24,1,8.47,26.79
496,1,1,Bangalore,Builder Floor,24,0,1.11,15.0
1163,2,2,Delhi,Apartment,15,0,10.64,31.57
1586,3,3,Bangalore,Apartment,22,1,6.35,79.21
922,2,2,Mumbai,Builder Floor,24,0,10.41,29.1
1922,4,4,Delhi,Villa,7,1,7.86,190.59
803,1,1,Mumbai,Apartment,24,0,7.16,19.87
578,1,1,Delhi,Apartment,5,1,3.27,27.34
582,1,1,Bangalore,Apartment,17,1,9.81,15.0
1293,2,2,Delhi,Apartment,22,0,8.96,43.71
3134,4,4,Mumbai,Apartment,4,0,4.38,242.43
1396,2,2,Bangalore,Apartment,21,1,10.64,42.86
1263,2,2,Delhi,Apartment,8,0,8.15,50.87
696,1,1,Delhi,Apartment,4,1,6.28,33.38
658,1,1,Delhi,Apartment,18,0,4.38,15.0
1405,3,3,Mumbai,Builder Floor,21,0,4.16,83.32
1562,3,3,Mumbai,Apartment,0,1,6.58,119.87
1348,2,2,Bangalore,Apartment,1,0,11.35,54.74
1166,2,2,Delhi,Builder Floor,16,0,4.82,47.69
1378,2,3,Mumbai,Apartment,2,1,7.62,85.11
874,2,2,Bangalore,Builder Floor,23,1,5.69,24.92
1048,2,2,Mumbai,Apartment,18,1,10.61,54.03
479,1,1,Delhi,Apartment,18,0,2.65,15.0
1534,3,2,Bangalore,Builder Floor,16,0,4.63,71.97
1070,2,2,Bangalore,Apartment,2,0,4.34,49.82
971,2,2,Mumbai,Apartment,10,1,10.14,53.4
1681,3,3,Mumbai,Apartment,15,0,9.24,114.78
1513,3,3,Mumbai,Apartment,4,0,8.62,113.14
2094,3,4,Bangalore,Apartment,16,0,7.34,101.0
1294,2,2,Delhi,Apartment,15,0,3.9,63.92
543,1,2,Delhi,Apartment,11,1,6.78,15.0
1167,2,2,Delhi,Builder Floor,5,1,7.71,50.52
1005,2,2,Delhi,Apartment,12,1,9.92,48.44
1189,2,2,Bangalore,Apartment,7,0,3.26,57.91
2627,4,3,Delhi,Builder Floor,15,0,10.8,155.03
2729,5,4,Mumbai,Apartment,0,1,0.99,261.53
2798,5,6,Mumbai,Apartment,9,0,5.7,239.55
2958,5,5,Mumbai,Apartment,21,1,3.89,251.35
1015,2,1,Delhi,Builder Floor,16,1,0.66,60.57
2052,3,3,Mumbai,Builder Floor,24,0,7.73,138.3
1772,3,3,Mumbai,Apartment,22,1,11.16,106.31
3279,5,5,Delhi,Apartment,16,1,11.29,226.01
1988,4,4,Mumbai,Apartment,21,1,11.31,163.43
1381,3,3,Mumbai,Apartment,0,1,7.27,112.05
1925,3,3,Bangalore,Builder Floor,13,0,0.43,109.08
2941,4,4,Delhi,Builder Floor,2,1,11.45,187.31
2144,3,3,Delhi,Apartment,10,1,4.39,130.61
577,1,1,Mumbai,Apartment,15,1,7.24,18.41
3451,5,5,Bangalore,Villa,22,0,9.67,249.22
1215,2,2,Mumbai,Builder Floor,20,1,9.84,62.02
2293,4,4,Delhi,Apartment,6,0,2.91,156.28
533,1,2,Delhi,Apartment,24,1,5.39,15.0
1309,3,3,Bangalore,Apartment,23,0,3.23,62.25
535,1,2,Delhi,Apartment,5,1,2.03,28.62
1224,2,2,Delhi,Apartment,4,1,9.41,63.3
1339,2,3,Delhi,Builder Floor,20,1,5.61,58.59
1570,3,4,Bangalore,Apartment,14,0,0.73,96.64
3041,4,4,Delhi,Apartment,12,1,6.01,197.3
3150,4,3,Delhi,Builder Floor,15,0,5.56,186.04
3752,5,5,Bangalore,Apartment,24,1,10.46,218.41
3595,5,5,Mumbai,Apartment,5,0,10.29,292.37
1255,2,2,Delhi,Builder Floor,7,1,4.58,72.84
1236,2,3,Bangalore,Apartment,4,0,8.14,52.62
1255,2,2,Bangalore,Builder Floor,9,1,7.6,48.65
834,1,1,Bangalore,Apartment,23,1,11.06,15.0
1078,2,2,Bangalore,Apartment,15,1,9.17,36.5
1212,3,3,Bangalore,Apartment,13,1,2.21,72.87
992,2,3,Delhi,Apartment,11,1,0.79,54.55
1157,2,3,Mumbai,Apartment,0,1,9.09,75.56
2152,3,3,Mumbai,Apartment,11,1,9.66,138.05
1882,3,3,Bangalore,Apartment,20,1,11.16,86.19
1426,3,3,Bangalore,Villa,20,1,8.08,123.4
1122,2,2,Delhi,Apartment,1,1,7.28,67.32
1118,2,1,Bangalore,Builder Floor,8,0,5.34,40.63
1059,2,3,Bangalore,Villa,11,0,4.6,90.62
591,1,1,Mumbai,Apartment,1,0,0.26,30.51
2715,4,4,Delhi,Builder Floor,18,1,9.85,165.98
1011,2,3,Delhi,Apartment,19,1,3.68,44.69
695,1,1,Delhi,Builder Floor,2,0,5.27,22.2
1143,2,2,Delhi,Apartment,13,1,5.32,56.05
838,1,1,Mumbai,Apartment,15,0,0.38,54.87
987,2,2,Bangalore,Apartment,7,1,9.65,42.46
1510,3,3,Mumbai,Builder Floor,12,1,2.87,119.14
1978,3,3,Mumbai,Villa,12,1,3.7,199.94
2089,3,3,Mumbai,Apartment,20,0,1.9,147.03
550,1,1,Bangalore,Builder Floor,24,1,4.44,15.0
2477,4,5,Delhi,Apartment,14,0,6.78,153.54
1962,4,4,Mumbai,Apartment,7,1,9.92,168.51
1094,2,2,Delhi,Apartment,4,1,8.27,57.77
1297,2,2,Bangalore,Apartment,24,1,1.01,55.66
468,1,1,Mumbai,Apartment,11,1,7.85,18.16
766,1,1,Mumbai,Builder Floor,10,1,5.44,36.2
977,2,2,Mumbai,Apartment,14,0,6.76,54.38
1970,3,3,Mumbai,Builder Floor,10,0,3.89,128.44
813,1,2,Delhi,Apartment,24,0,1.28,15.97
2462,4,5,Delhi,Apartment,23,1,5.29,146.09
2087,4,4,Mumbai,Builder Floor,7,1,3.44,179.11
955,2,1,Bangalore,Apartment,3,0,2.96,46.04
2253,4,4,Bangalore,Apartment,19,1,7.51,130.5
1100,2,3,Mumbai,Apartment,9,1,2.83,71.2
879,2,2,Delhi,Builder Floor,12,1,5.42,46.99
874,2,2,Delhi,Builder Floor,9,0,0.48,51.73
3002,5,5,Delhi,Apartment,1,1,5.15,232.88
1036,2,2,Delhi,Apartment,24,1,3.82,45.82
1532,3,3,Delhi,Apartment,1,0,6.52,91.49
861,2,2,Mumbai,Apartment,16,0,3.95,52.16
539,1,1,Delhi,Apartment,14,1,1.19,15.0
1077,2,2,Mumbai,Builder Floor,12,1,9.7,56.17
597,1,1,Mumbai,Apartment,3,1,1.68,42.71
883,2,2,Delhi,Builder Floor,21,0,10.66,26.07
1399,2,2,Mumbai,Builder Floor,14,1,8.14,74.21
1876,3,2,Bangalore,Apartment,11,0,11.91,81.3
3670,5,5,Mumbai,Apartment,2,1,10.42,320.0
979,2,2,Bangalore,Apartment,15,1,0.48,47.99
1190,2,2,Delhi,Builder Floor,14,1,0.67,68.56
957,2,1,Mumbai,Apartment,7,0,11.57,44.37
732,1,1,Delhi,Apartment,16,1,6.99,26.61
1293,2,3,Bangalore,Apartment,12,1,7.9,49.97
1436,3,3,Delhi,Apartment,10,0,11.96,64.22
795,1,1,Bangalore,Builder Floor,1,1,5.9,36.62
1875,3,3,Mumbai,Apartment,1,1,11.59,136.89
1129,2,2,Delhi,Builder Floor,13,1,1.7,65.89
2973,4,3,Bangalore,Villa,3,1,9.46,207.1
1947,4,5,Mumbai,Apartment,22,0,3.41,160.75
1303,3,2,Mumbai,Apartment,13,1,4.02,91.86
493,1,2,Delhi,Builder Floor,14,1,3.96,15.0
1967,3,3,Mumbai,Apartment,10,0,8.6,140.89
2790,5,6,Bangalore,Apartment,5,1,4.73,201.34
3230,5,5,Mumbai,Apartment,0,0,1.34,288.16
1377,2,3,Delhi,Apartment,2,1,4.06,83.2
1175,2,2,Mumbai,Apartment,0,1,1.71,99.2
1971,3,3,Mumbai,Apartment,5,0,9.41,142.54
1675,3,3,Bangalore,Apartment,12,1,2.52,112.77
869,2,2,Mumbai,Apartment,18,1,6.62,47.33
1610,3,4,Delhi,Apartment,10,0,4.91,89.68
2827,5,5,Delhi,Apartment,14,1,7.76,212.09
603,1,1,Mumbai,Apartment,18,1,0.45,26.78
1274,3,4,Mumbai,Apartment,13,0,4.57,101.18
1697,3,3,Mumbai,Apartment,24,1,0.93,119.75
1472,3,2,Delhi,Builder Floor,19,1,1.56,90.2
1356,2,2,Delhi,Apartment,19,1,5.57,61.95
779,1,1,Mumbai,Apartment,15,1,4.94,40.9
637,1,1,Bangalore,Apartment,3,0,0.89,30.94
1964,3,3,Delhi,Builder Floor,19,0,6.88,100.48
1357,2,3,Mumbai,Apartment,14,1,4.58,77.55
1338,2,3,Delhi,Builder Floor,21,1,7.64,56.35
1892,3,3,Bangalore,Apartment,0,0,11.86,101.04
1218,3,3,Mumbai,Apartment,4,0,10.76,75.83
2061,3,2,Bangalore,Apartment,21,0,9.81,87.34
2084,3,2,Delhi,Builder Floor,2,0,5.62,112.91
2163,4,3,Delhi,Apartment,10,1,7.14,150.6
1933,4,4,Mumbai,Builder Floor,24,0,3.12,157.02
673,1,1,Mumbai,Apartment,16,1,2.38,43.83
1179,2,2,Delhi,Apartment,14,1,0.35,72.91
1228,3,3,Delhi,Apartment,11,1,6.24,86.15
837,1,1,Mumbai,Villa,12,1,6.34,84.54
783,1,2,Bangalore,Apartment,6,0,0.72,42.36
657,1,2,Bangalore,Builder Floor,24,1,11.81,15.0
2045,3,3,Bangalore,Villa,22,1,8.27,139.74
1164,2,1,Bangalore,Apartment,18,0,9.24,29.07
1931,3,3,Delhi,Apartment,24,0,11.49,84.95
1118,2,2,Delhi,Apartment,17,1,8.2,57.0
1344,2,2,Mumbai,Apartment,24,1,10.16,72.28
1927,3,3,Mumbai,Builder Floor,10,1,2.33,144.82
1288,2,2,Mumbai,Builder Floor,0,1,9.69,81.56
617,1,1,Bangalore,Apartment,22,1,0.9,15.55
1884,3,2,Mumbai,Apartment,22,1,5.32,122.43
1192,2,2,Mumbai,Apartment,12,1,6.99,69.23
1315,2,1,Mumbai,Apartment,7,0,5.78,76.24
2024,3,3,Delhi,Apartment,7,1,5.96,131.47
1250,2,2,Delhi,Builder Floor,24,0,5.1,43.82
1017,2,1,Bangalore,Apartment,2,0,0.56,54.17
1193,2,2,Delhi,Builder Floor,0,0,0.47,73.51
2114,3,4,Bangalore,Apartment,15,0,3.22,107.94
785,1,1,Mumbai,Apartment,17,0,6.75,38.69
488,1,1,Delhi,Apartment,24,0,3.54,15.0
1214,3,3,Bangalore,Apartment,12,1,11.21,74.87
1969,3,4,Delhi,Builder Floor,12,1,3.59,108.16
815,1,1,Delhi,Apartment,20,0,10.86,15.0
1357,2,2,Mumbai,Apartment,1,1,11.19,78.52
2052,3,4,Delhi,Apartment,18,1,1.99,122.6
602,1,1,Mumbai,Apartment,9,1,4.53,30.9
789,1,1,Mumbai,Apartment,21,1,3.38,38.35
1066,2,2,Mumbai,Apartment,22,0,7.96,52.28
754,1,1,Mumbai,Apartment,21,0,3.13,30.42
856,2,3,Delhi,Villa,3,0,8.35,85.44
2120,3,2,Delhi,Apartment,23,0,3.07,116.0
503,1,1,Delhi,Builder Floor,7,1,3.62,15.83
1820,3,3,Mumbai,Builder Floor,7,1,3.18,136.91
1971,4,4,Mumbai,Apartment,10,1,7.71,175.57
1898,3,3,Mumbai,Apartment,15,1,9.99,137.67
873,2,1,Delhi,Apartment,17,0,4.05,44.33
1096,2,2,Mumbai,Villa,14,1,1.76,122.01
528,1,1,Bangalore,Apartment,1,0,5.66,15.0
487,1,1,Mumbai,Builder Floor,21,1,5.52,15.0
871,2,2,Delhi,Apartment,16,0,3.47,52.44
2661,4,4,Mumbai,Apartment,24,1,11.06,185.47
549,1,1,Delhi,Builder Floor,21,1,9.08,15.0
2126,4,5,Bangalore,Apartment,0,0,6.25,142.99
1304,3,3,Delhi,Apartment,15,0,9.05,59.85
1639,3,4,Bangalore,Apartment,16,1,8.17,84.51
1145,2,2,Delhi,Builder Floor,0,1,4.9,64.3
1323,2,2,Mumbai,Builder Floor,14,1,2.97,91.19
514,1,2,Bangalore,Apartment,23,1,2.38,15.0
765,1,1,Delhi,Builder Floor,21,1,9.73,16.73
1251,2,2,Bangalore,Builder Floor,5,0,2.14,56.74
505,1,1,Bangalore,Apartment,11,0,9.18,15.0
1727,3,3,Bangalore,Builder Floor,21,0,6.24,67.04
1970,4,3,Mumbai,Apartment,22,1,7.35,154.88
1201,3,3,Bangalore,Builder Floor,16,1,9.6,65.04
1637,3,2,Delhi,Apartment,5,1,2.8,116.58
3042,4,5,Bangalore,Villa,1,1,1.48,241.89
1183,2,2,Mumbai,Apartment,14,1,7.67,82.56
2086,4,5,Mumbai,Apartment,8,0,3.9,174.75
939,2,2,Bangalore,Apartment,16,1,11.62,33.47
1231,3,3,Mumbai,Apartment,16,0,5.76,87.4
963,2,3,Mumbai,Apartment,24,1,0.5,61.94
1626,3,2,Bangalore,Apartment,12,1,2.64,94.11
979,2,2,Delhi,Apartment,23,0,11.13,28.45
1951,4,3,Bangalore,Apartment,17,1,3.76,136.05
463,1,1,Mumbai,Apartment,3,1,8.91,17.63
1380,2,1,Delhi,Apartment,24,1,3.29,57.67
2954,4,4,Delhi,Builder Floor,18,1,9.19,170.93
3178,4,5,Bangalore,Builder Floor,21,1,8.95,152.75
2952,4,3,Delhi,Builder Floor,21,1,5.51,188.1
682,1,1,Delhi,Apartment,13,0,9.03,15.0
517,1,1,Mumbai,Builder Floor,1,1,5.81,35.71
1131,2,2,Delhi,Apartment,9,1,3.06,67.07
1929,4,4,Mumbai,Builder Floor,13,1,8.83,153.23
1358,2,2,Bangalore,Builder Floor,3,0,4.07,61.01
1250,3,3,Mumbai,Apartment,5,0,10.25,95.86
1236,2,2,Mumbai,Apartment,20,1,7.7,65.21
777,1,1,Mumbai,Apartment,5,1,8.07,39.97
1018,2,3,Bangalore,Apartment,16,1,9.78,40.62
846,1,1,Bangalore,Apartment,21,1,7.08,19.82
574,1,1,Mumbai,Apartment,24,1,5.98,15.0
1158,2,2,Bangalore,Apartment,19,0,9.34,40.99
2053,3,3,Delhi,Apartment,6,1,4.78,128.57
1493,3,2,Delhi,Apartment,11,1,0.68,99.75
969,2,3,Delhi,Apartment,20,0,5.6,39.08
1931,3,2,Delhi,Apartment,9,1,9.27,106.03
629,1,1,Mumbai,Apartment,6,1,10.16,26.75
1075,2,2,Mumbai,Apartment,17,0,7.91,61.36
1192,2,2,Mumbai,Apartment,1,1,10.41,78.97
2035,3,4,Delhi,Apartment,4,0,2.58,120.17
561,1,1,Delhi,Builder Floor,21,0,4.25,15.0
1099,2,2,Delhi,Builder Floor,10,1,6.49,58.59
1000,2,2,Bangalore,Builder Floor,14,1,7.85,33.14
1892,3,3,Mumbai,Apartment,9,1,8.1,143.03
647,1,1,Mumbai,Apartment,11,1,0.68,31.51
1086,2,2,Mumbai,Apartment,7,0,11.43,53.87
539,1,2,Bangalore,Apartment,8,1,10.98,15.0
1996,4,5,Delhi,Builder Floor,12,1,5.96,135.21
1270,3,3,Bangalore,Builder Floor,18,0,9.62,44.88
532,1,1,Delhi,Apartment,11,1,11.04,15.0
950,2,2,Bangalore,Apartment,20,0,11.38,15.0
954,2,2,Bangalore,Apartment,8,0,3.06,38.53
1984,3,3,Mumbai,Apartment,23,1,10.64,120.66
1493,3,3,Bangalore,Villa,8,1,3.23,137.52
1216,2,3,Mumbai,Apartment,10,1,10.94,69.49
1566,3,3,Mumbai,Apartment,3,1,3.68,133.23
2553,4,4,Bangalore,Builder Floor,11,1,5.12,156.45
792,1,1,Mumbai,Apartment,22,1,6.25,38.91
1251,2,2,Mumbai,Apartment,12,0,0.31,84.08
1174,2,1,Delhi,Apartment,8,0,10.72,42.03
662,1,1,Bangalore,Apartment,4,0,2.43,28.51
2994,4,3,Delhi,Apartment,0,0,7.39,192.03
2894,4,4,Bangalore,Apartment,15,1,6.21,155.55
1005,2,2,Bangalore,Builder Floor,17,0,11.44,23.86
3050,4,3,Mumbai,Apartment,24,1,6.22,237.86
958,2,3,Mumbai,Apartment,15,1,4.15,63.81
707,1,1,Mumbai,Villa,16,0,10.43,64.51
1397,2,1,Delhi,Apartment,24,1,6.08,65.02
1345,3,2,Mumbai,Builder Floor,11,0,10.25,75.48
578,1,1,Bangalore,Apartment,14,0,4.16,15.0
1924,3,3,Bangalore,Apartment,9,0,0.31,114.31
995,2,3,Mumbai,Apartment,17,1,10.5,57.8
2131,3,2,Delhi,Villa,8,1,3.08,178.59
2888,5,5,Delhi,Builder Floor,3,1,4.01,220.11
1253,2,2,Mumbai,Builder Floor,3,1,1.84,88.24
555,1,1,Delhi,Apartment,9,0,11.7,15.0
3719,5,5,Bangalore,Apartment,18,1,1.25,230.43
494,1,1,Delhi,Builder Floor,1,1,0.56,16.95
523,1,1,Bangalore,Apartment,11,1,2.8,16.54
2961,4,4,Bangalore,Apartment,19,0,5.05,157.34
1365,2,3,Mumbai,Apartment,2,1,3.78,92.42
905,2,2,Bangalore,Apartment,3,1,0.35,53.65
1969,3,2,Delhi,Apartment,19,0,10.42,93.88
772,1,1,Delhi,Villa,11,1,8.38,73.26
1319,3,3,Bangalore,Apartment,7,1,6.92,70.08
1372,2,2,Bangalore,Apartment,23,1,8.63,48.82
919,2,2,Bangalore,Apartment,1,0,5.68,39.76
2194,4,4,Mumbai,Builder Floor,13,1,9.73,170.39
1848,4,4,Delhi,Apartment,17,1,0.61,134.69
692,1,1,Delhi,Builder Floor,14,0,8.36,15.0
824,1,1,Mumbai,Apartment,12,1,7.79,50.6
2121,3,3,Delhi,Villa,14,0,4.74,171.16
1550,3,3,Bangalore,Villa,21,1,4.22,129.67
913,2,2,Mumbai,Apartment,0,1,1.08,66.19
613,1,2,Delhi,Apartment,0,1,6.56,20.6
1242,3,3,Mumbai,Apartment,18,0,0.96,96.33
1079,2,3,Delhi,Apartment,17,0,6.4,45.88
3188,5,6,Bangalore,Apartment,13,1,9.04,203.05
1120,2,2,Bangalore,Builder Floor,15,1,10.46,34.18
1160,2,2,Delhi,Apartment,21,1,6.11,48.92
1685,3,2,Mumbai,Apartment,21,1,9.17,101.62
1830,4,4,Bangalore,Builder Floor,15,1,8.27,112.81
486,1,1,Mumbai,Apartment,8,1,0.41,34.74
1213,3,4,Bangalore,Villa,8,0,11.94,90.71
2639,4,4,Bangalore,Apartment,9,0,4.36,152.19
474,1,1,Mumbai,Apartment,0,0,6.25,25.57
1355,2,2,Delhi,Villa,11,1,6.07,105.62
1058,2,2,Bangalore,Builder Floor,19,1,2.68,39.28
2012,3,4,Bangalore,Apartment,23,0,9.16,90.04
1815,4,4,Mumbai,Apartment,21,1,6.97,148.03
2196,4,5,Delhi,Apartment,1,0,4.38,162.71
1108,2,2,Bangalore,Builder Floor,0,0,7.95,46.5
1200,3,3,Mumbai,Apartment,15,1,4.16,94.89
1174,2,1,Delhi,Apartment,23,1,2.53,56.17
1733,3,3,Mumbai,Apartment,14,0,0.66,136.54
2470,4,3,Mumbai,Apartment,13,0,2.36,209.49
1344,2,3,Delhi,Builder Floor,18,0,10.31,43.32
1390,2,2,Mumbai,Villa,11,0,9.19,125.68
949,2,3,Delhi,Apartment,24,0,2.12,44.0
1006,2,2,Delhi,Apartment,17,0,9.91,27.9
1519,3,2,Delhi,Apartment,17,1,2.29,107.9
1660,3,3,Delhi,Apartment,0,1,11.01,98.72
3148,5,4,Bangalore,Builder Floor,2,0,3.41,211.04
1235,2,3,Delhi,Villa,3,1,2.17,118.51
746,1,1,Mumbai,Apartment,11,1,3.08,47.42
955,2,2,Mumbai,Apartment,24,1,6.1,43.38
762,1,2,Bangalore,Builder Floor,5,1,7.23,23.95
1299,2,2,Delhi,Apartment,17,0,1.3,62.91
704,1,1,Delhi,Apartment,7,1,11.52,20.73
1474,3,3,Mumbai,Apartment,7,1,11.36,111.94
616,1,1,Bangalore,Villa,18,1,3.38,45.32
1373,2,2,Delhi,Apartment,20,1,5.1,69.19
867,2,2,Delhi,Apartment,15,1,6.19,47.25
835,1,2,Delhi,Apartment,17,1,8.68,15.0
1035,2,3,Delhi,Apartment,21,1,6.49,45.97
1304,2,1,Bangalore,Apartment,12,1,2.34,64.79
2025,4,4,Delhi,Villa,2,1,1.19,199.38
1631,3,3,Mumbai,Villa,2,1,3.82,180.96
478,1,2,Bangalore,Villa,8,0,3.13,55.15
1205,2,3,Delhi,Apartment,13,1,7.7,53.6
1954,3,3,Mumbai,Apartment,1,1,9.94,142.29
783,1,1,Bangalore,Apartment,20,1,3.85,25.3
1211,2,1,Mumbai,Builder Floor,11,1,10.79,69.36
693,1,1,Mumbai,Villa,11,0,6.6,72.28
1272,2,2,Bangalore,Apartment,18,1,0.73,54.6
554,1,1,Delhi,Villa,6,1,4.23,70.55
1859,3,3,Delhi,Apartment,24,1,5.93,106.93
2018,3,4,Mumbai,Apartment,11,1,1.19,159.68
1236,2,2,Mumbai,Apartment,4,1,9.09,89.29
1357,2,3,Bangalore,Builder Floor,12,0,11.56,38.09
1347,2,1,Delhi,Apartment,12,1,10.85,61.26
774,1,1,Bangalore,Builder Floor,9,1,1.7,21.5
1323,2,2,Mumbai,Builder Floor,20,0,6.17,69.72
1856,4,4,Delhi,Builder Floor,13,1,7.1,132.67
1337,2,2,Bangalore,Builder Floor,21,1,3.01,50.66
1051,2,2,Mumbai,Apartment,15,0,5.64,59.61
1273,2,1,Mumbai,Apartment,16,1,4.08,82.7
583,1,1,Bangalore,Apartment,1,0,8.04,15.0
1300,3,3,Delhi,Apartment,14,0,10.26,66.45
2613,4,5,Mumbai,Apartment,23,0,3.53,188.55
473,1,2,Delhi,Apartment,24,0,0.61,15.0
1936,4,4,Delhi,Apartment,9,1,2.58,152.83
2798,4,4,Mumbai,Apartment,18,0,3.56,211.28
1825,3,3,Delhi,Villa,19,0,5.04,152.07
1353,2,3,Bangalore,Apartment,10,1,2.18,72.15
1332,2,2,Mumbai,Apartment,20,1,6.16,84.72
3059,5,6,Delhi,Apartment,22,1,3.21,219.41
1220,2,2,Bangalore,Apartment,17,0,7.58,41.62
916,2,3,Bangalore,Apartment,1,0,7.2,47.1
605,1,1,Delhi,Apartment,16,0,4.45,15.0
807,1,1,Mumbai,Apartment,14,1,2.04,44.78
3136,4,5,Mumbai,Apartment,22,1,6.36,222.86
1847,3,3,Bangalore,Builder Floor,20,1,4.34,90.25
1485,3,3,Mumbai,Apartment,14,0,9.41,105.75
1360,2,2,Delhi,Apartment,5,1,9.41,66.65
1867,3,2,Mumbai,Apartment,14,1,10.15,134.09
2254,4,3,Delhi,Apartment,18,1,9.13,146.81
683,1,1,Delhi,Apartment,11,1,10.72,15.0
996,2,2,Bangalore,Apartment,14,1,10.62,32.87
954,2,2,Delhi,Apartment,11,1,1.35,49.88
3172,4,4,Delhi,Apartment,11,1,3.22,215.36
3059,4,4,Bangalore,Apartment,18,1,0.94,173.64
713,1,2,Delhi,Villa,8,0,4.8,66.62
1130,2,2,Delhi,Apartment,22,1,4.59,47.44
1270,2,2,Delhi,Apartment,14,1,4.47,69.36
2175,3,3,Bangalore,Apartment,16,1,7.01,109.56
914,2,1,Mumbai,Apartment,13,1,8.09,52.97
2105,3,2,Bangalore,Apartment,24,1,6.55,105.98
505,1,1,Bangalore,Apartment,11,0,7.81,15.0
2507,4,5,Mumbai,Apartment,21,1,8.43,188.98
1306,2,2,Bangalore,Apartment,12,1,0.97,76.57
990,2,2,Delhi,Builder Floor,14,0,6.14,29.96
3093,4,4,Bangalore,Villa,22,1,9.97,215.37
2467,4,4,Mumbai,Apartment,2,1,8.85,199.05
1251,3,3,Delhi,Apartment,16,1,3.48,89.52
1256,2,3,Bangalore,Apartment,16,1,9.6,47.67
1015,2,2,Bangalore,Apartment,8,1,2.66,56.1
528,1,1,Delhi,Builder Floor,15,1,11.0,15.0
1012,2,2,Delhi,Builder Floor,24,0,11.38,22.11
935,2,2,Delhi,Apartment,23,1,1.09,42.64
2720,5,5,Delhi,Apartment,21,0,8.73,199.48
1889,3,4,Delhi,Apartment,7,1,3.6,121.37
1317,3,3,Mumbai,Apartment,5,1,11.79,93.08
2626,4,4,Delhi,Villa,12,1,1.03,231.88
2669,4,4,Bangalore,Apartment,14,1,6.3,163.11
1062,2,2,Mumbai,Villa,17,1,4.99,110.45
1144,2,2,Bangalore,Apartment,11,0,8.53,37.13
1142,2,3,Mumbai,Villa,24,0,6.39,104.36
3152,4,3,Mumbai,Builder Floor,3,1,11.0,236.02
2134,3,3,Bangalore,Builder Floor,11,0,1.27,117.13
762,1,1,Mumbai,Apartment,3,0,9.55,34.7
530,1,1,Mumbai,Apartment,6,1,10.13,23.94
2158,4,4,Delhi,Apartment,5,1,11.61,137.22
1002,2,2,Bangalore,Builder Floor,18,0,8.97,22.28
1315,2,1,Mumbai,Villa,16,0,9.11,103.24
1358,2,2,Mumbai,Apartment,21,0,4.4,65.63
1317,2,2,Bangalore,Apartment,20,1,9.94,52.92
1369,2,2,Bangalore,Apartment,18,1,8.93,46.42
1138,2,2,Bangalore,Apartment,24,1,3.76,57.03
2794,4,4,Delhi,Apartment,11,0,11.06,181.27
1052,2,2,Delhi,Builder Floor,9,0,9.86,42.36
2086,3,4,Delhi,Apartment,24,0,0.63,112.95
900,2,2,Delhi,Builder Floor,5,1,6.58,49.09
653,1,1,Delhi,Apartment,17,1,5.06,21.63
1863,3,3,Mumbai,Apartment,22,0,5.0,137.57
1264,2,2,Mumbai,Builder Floor,10,1,10.8,74.95
531,1,1,Delhi,Apartment,7,1,6.35,20.69
582,1,1,Delhi,Builder Floor,23,1,4.29,15.0
1253,2,2,Delhi,Apartment,0,1,10.51,67.43
2110,4,5,Bangalore,Apartment,23,1,0.71,136.68
478,1,1,Delhi,Apartment,21,1,4.35,15.0
636,1,2,Mumbai,Builder Floor,9,1,6.83,17.6
1329,3,3,Mumbai,Apartment,6,1,3.77,118.91
1784,3,3,Mumbai,Apartment,3,0,4.2,126.05
616,1,1,Mumbai,Apartment,15,1,2.92,29.54
1748,3,4,Delhi,Builder Floor,4,0,6.99,98.29
2038,4,4,Delhi,Apartment,10,1,4.27,145.72
1251,2,3,Delhi,Apartment,15,0,1.54,63.04
3096,5,5,Mumbai,Apartment,14,1,8.75,270.25
1064,2,1,Mumbai,Apartment,11,1,10.07,57.97
736,1,2,Delhi,Apartment,13,1,7.41,19.66
877,2,3,Delhi,Builder Floor,11,1,3.59,46.79
706,1,1,Bangalore,Builder Floor,14,0,8.81,15.0
2179,4,5,Bangalore,Apartment,1,1,4.13,148.84
1389,2,3,Bangalore,Apartment,10,0,1.36,61.06
2191,3,3,Mumbai,Apartment,16,1,5.23,163.78
469,1,2,Delhi,Villa,4,0,6.52,50.43
2181,3,3,Delhi,Apartment,1,1,11.6,123.14
653,1,2,Delhi,Villa,12,1,4.01,73.41
996,2,2,Mumbai,Builder Floor,10,0,11.62,41.94
1294,2,2,Delhi,Builder Floor,14,1,10.92,43.71
768,1,1,Delhi,Apartment,24,1,7.68,16.49
1374,2,2,Delhi,Apartment,15,0,3.31,61.77
1615,3,3,Mumbai,Apartment,8,1,2.33,137.54
719,1,1,Bangalore,Apartment,16,0,6.22,15.0
3097,4,5,Delhi,Apartment,1,1,1.52,214.66
1102,2,2,Mumbai,Apartment,2,0,0.82,89.48
1698,3,3,Delhi,Villa,20,0,0.89,137.86
1203,3,4,Delhi,Apartment,14,1,10.42,77.84
2307,4,4,Bangalore,Builder Floor,8,1,3.53,146.16
1124,2,1,Bangalore,Apartment,12,0,6.92,47.13
1916,3,4,Bangalore,Apartment,13,1,0.75,107.58
1152,2,1,Delhi,Apartment,16,1,5.47,59.88
1215,3,3,Mumbai,Apartment,20,0,4.63,95.39
2629,4,4,Mumbai,Apartment,19,0,7.01,191.36
2739,4,4,Mumbai,Apartment,24,1,1.76,226.58
922,2,3,Mumbai,Apartment,4,1,5.75,66.44
565,1,2,Bangalore,Builder Floor,21,1,2.08,15.0
1686,3,3,Mumbai,Builder Floor,24,0,10.01,84.61
1198,2,2,Mumbai,Apartment,4,0,8.18,81.94
849,1,1,Mumbai,Builder Floor,18,1,2.89,44.34
900,2,2,Mumbai,Apartment,12,0,8.85,42.75
1564,3,3,Delhi,Builder Floor,17,1,2.01,100.1
1254,2,2,Bangalore,Builder Floor,17,1,4.72,56.36
1332,2,2,Bangalore,Apartment,21,1,10.68,44.8
1195,2,3,Mumbai,Apartment,14,1,9.39,67.7
1132,2,3,Mumbai,Villa,16,0,0.43,119.45
942,2,2,Mumbai,Apartment,0,1,8.91,62.14
1229,2,1,Bangalore,Apartment,23,1,3.54,60.87
3084,5,6,Bangalore,Apartment,16,0,3.85,203.36
953,2,2,Delhi,Apartment,11,1,2.46,62.13
954,2,2,Bangalore,Apartment,6,1,2.7,47.63
1531,3,4,Bangalore,Builder Floor,6,1,6.95,85.07
749,1,1,Mumbai,Apartment,0,0,3.48,42.1
879,2,2,Delhi,Villa,9,1,2.53,99.68
1897,3,4,Bangalore,Villa,20,1,3.32,151.11
814,1,1,Mumbai,Builder Floor,0,0,3.51,46.75
1858,3,3,Mumbai,Builder Floor,5,0,7.06,138.66
1272,3,3,Bangalore,Apartment,23,0,9.12,45.39
2098,4,5,Mumbai,Apartment,20,1,1.34,177.53
893,2,1,Mumbai,Apartment,3,0,11.08,39.35
1282,2,2,Mumbai,Builder Floor,24,1,9.14,62.44
1120,2,3,Delhi,Apartment,18,1,1.8,64.32
618,1,1,Bangalore,Apartment,22,1,9.17,15.0
774,1,1,Mumbai,Apartment,14,1,3.09,45.11
1191,2,2,Bangalore,Apartment,8,1,6.92,49.97
1209,3,3,Mumbai,Apartment,24,1,10.45,78.94
1385,2,2,Mumbai,Apartment,3,1,3.56,106.0
825,1,1,Bangalore,Apartment,0,1,11.17,26.41
1186,2,1,Mumbai,Apartment,15,1,9.47,66.7
1280,2,3,Delhi,Apartment,3,0,1.94,80.09
786,1,1,Bangalore,Apartment,0,1,7.98,35.83
2871,4,4,Mumbai,Apartment,23,1,8.72,213.2
730,1,1,Delhi,Apartment,9,1,7.91,15.66
1293,2,3,Mumbai,Apartment,10,0,9.51,77.66
3794,5,5,Mumbai,Villa,22,0,8.09,336.98
1053,2,2,Bangalore,Apartment,14,0,2.49,46.68
1418,3,2,Mumbai,Apartment,8,0,0.86,121.11
866,2,2,Delhi,Apartment,2,1,5.76,52.26
2613,4,3,Bangalore,Villa,24,1,11.82,183.28
1648,3,3,Mumbai,Apartment,4,0,8.83,115.41
2258,4,4,Mumbai,Apartment,1,1,3.72,190.64
607,1,1,Mumbai,Apartment,6,0,5.29,20.53
3098,5,5,Delhi,Apartment,10,0,10.76,221.77
625,1,2,Mumbai,Apartment,13,0,0.93,24.67
1933,4,4,Bangalore,Apartment,17,1,1.98,144.46
1065,2,2,Bangalore,Apartment,6,1,5.47,53.71
1851,4,4,Mumbai,Apartment,16,0,8.63,138.6
900,2,2,Mumbai,Builder Floor,16,1,0.85,69.43
1328,3,3,Bangalore,Builder Floor,11,1,6.34,71.29
1266,2,2,Mumbai,Apartment,22,1,3.22,81.37
662,1,2,Delhi,Apartment,2,1,6.07,28.47
3289,5,5,Bangalore,Builder Floor,13,1,6.78,209.88
3130,4,4,Bangalore,Builder Floor,0,1,0.65,176.69
1321,2,1,Mumbai,Apartment,12,1,4.25,91.02
1097,2,3,Mumbai,Apartment,6,0,4.89,77.11
712,1,1,Bangalore,Villa,7,1,6.17,69.29
1331,2,2,Bangalore,Apartment,3,0,10.63,47.31
1097,2,1,Mumbai,Apartment,17,1,3.57,68.43
1842,3,3,Delhi,Villa,8,1,11.52,153.09
1306,2,2,Mumbai,Apartment,15,0,1.61,89.13
1265,2,2,Bangalore,Builder Floor,6,0,9.96,45.92
1219,3,4,Delhi,Villa,5,1,3.01,131.88
1286,3,4,Delhi,Apartment,23,1,5.69,67.17
1321,2,1,Bangalore,Builder Floor,6,1,6.1,56.96
1965,4,4,Delhi,Apartment,18,1,7.54,128.18
1276,2,3,Bangalore,Apartment,15,1,8.7,40.3
2139,3,3,Delhi,Builder Floor,0,0,2.47,132.47
788,1,2,Mumbai,Apartment,24,1,3.79,36.63
1294,3,4,Delhi,Builder Floor,24,1,9.3,65.95
1217,2,3,Delhi,Apartment,21,0,5.49,57.93
1775,3,4,Bangalore,Builder Floor,7,1,1.29,110.58
1242,2,2,Delhi,Apartment,6,1,0.68,71.16
3020,4,4,Mumbai,Apartment,6,0,7.56,228.99
1078,2,2,Bangalore,Apartment,22,0,5.91,31.98
1377,3,2,Delhi,Builder Floor,10,1,9.08,83.64
1103,2,1,Mumbai,Apartment,4,0,3.94,81.39
662,1,1,Bangalore,Apartment,14,1,2.26,27.42
1110,2,1,Mumbai,Apartment,7,1,6.45,75.05
1391,2,2,Mumbai,Builder Floor,10,0,3.81,87.36
2546,4,4,Delhi,Villa,15,0,3.47,200.96
1802,3,3,Mumbai,Apartment,19,0,0.28,127.69
1014,2,1,Delhi,Apartment,1,1,11.83,38.21
3119,4,3,Bangalore,Apartment,1,0,1.33,187.69
1305,2,2,Delhi,Apartment,15,1,6.85,68.13
1271,3,2,Bangalore,Apartment,23,1,3.75,62.31
1777,3,4,Bangalore,Apartment,11,1,1.71,106.32
1166,2,2,Bangalore,Apartment,17,1,2.52,53.81
1768,3,4,Delhi,Apartment,21,1,1.41,104.62
1390,2,3,Bangalore,Builder Floor,15,1,2.91,68.87
987,2,2,Bangalore,Apartment,11,0,11.35,32.5
935,2,2,Bangalore,Villa,0,1,3.31,104.06
733,1,2,Mumbai,Apartment,24,0,3.31,26.01
683,1,1,Bangalore,Apartment,4,1,3.12,26.55
1251,2,2,Mumbai,Apartment,4,1,7.57,87.86
640,1,1,Bangalore,Apartment,1,1,8.79,23.55
609,1,1,Mumbai,Apartment,3,0,6.43,15.0
535,1,1,Bangalore,Builder Floor,13,1,2.99,15.0
3079,4,5,Delhi,Apartment,6,1,1.6,204.46
909,2,2,Mumbai,Apartment,4,1,5.04,64.65
529,1,1,Bangalore,Apartment,5,1,2.36,20.91
3980,5,4,Mumbai,Apartment,6,1,10.73,335.51
853,2,2,Delhi,Apartment,5,1,1.31,60.78
1054,2,3,Mumbai,Apartment,10,1,5.89,66.87
622,1,1,Mumbai,Builder Floor,5,1,3.24,38.03
1506,3,3,Mumbai,Apartment,12,1,0.73,128.93
684,1,1,Mumbai,Apartment,2,1,8.22,31.85
1737,3,2,Mumbai,Villa,19,0,5.35,163.11
916,2,3,Mumbai,Builder Floor,20,1,2.19,55.07
1820,3,4,Mumbai,Apartment,5,1,1.54,147.99
2136,3,3,Bangalore,Builder Floor,23,0,7.57,85.79
2475,4,4,Delhi,Builder Floor,14,1,9.46,156.13
1272,2,2,Bangalore,Apartment,11,0,3.44,64.11
1142,2,3,Mumbai,Apartment,20,0,10.89,57.78
1326,3,3,Mumbai,Apartment,7,0,5.9,104.41
1860,4,4,Bangalore,Apartment,8,1,10.98,118.54
1634,3,3,Bangalore,Apartment,17,0,8.7,74.39
603,1,1,Mumbai,Apartment,23,0,9.89,15.0
1440,3,3,Mumbai,Apartment,11,1,9.31,105.47
1849,3,3,Delhi,Apartment,9,0,4.17,119.72
789,1,1,Mumbai,Apartment,5,0,7.41,32.81
1672,3,3,Delhi,Apartment,2,0,10.29,92.01
752,1,1,Bangalore,Apartment,7,1,5.38,37.1
2030,3,3,Bangalore,Apartment,0,1,2.36,127.24
453,1,2,Mumbai,Apartment,20,1,0.38,19.42
994,2,2,Mumbai,Apartment,1,0,8.64,53.28
891,2,2,Mumbai,Builder Floor,16,1,8.92,39.2
946,2,2,Delhi,Apartment,9,0,3.03,51.24
793,1,2,Delhi,Builder Floor,0,0,9.73,15.0
1304,2,3,Bangalore,Apartment,3,1,9.29,53.04
1016,2,2,Mumbai,Villa,15,1,9.57,112.93
1238,3,3,Bangalore,Apartment,12,0,10.1,73.24
1295,2,2,Delhi,Apartment,4,0,7.47,67.61
1057,2,1,Delhi,Apartment,18,0,6.7,39.97
1566,3,3,Mumbai,Villa,17,1,1.42,163.63
1891,3,3,Delhi,Apartment,3,0,8.2,100.58
1792,3,3,Mumbai,Apartment,21,0,8.29,95.79
517,1,1,Delhi,Builder Floor,7,0,7.98,15.0
542,1,2,Bangalore,Apartment,23,0,11.25,15.0
1165,2,1,Delhi,Apartment,4,0,2.92,67.1
1279,3,2,Delhi,Apartment,2,1,1.51,106.03
2176,3,2,Mumbai,Apartment,24,0,2.06,137.05
961,2,2,Mumbai,Builder Floor,11,1,11.16,54.88
814,1,2,Bangalore,Builder Floor,2,1,11.71,17.83
1105,2,1,Bangalore,Apartment,4,0,0.78,45.79
1033,2,1,Bangalore,Apartment,21,1,4.45,42.11
1611,3,4,Delhi,Apartment,19,0,11.95,73.77
584,1,1,Bangalore,Builder Floor,23,1,5.82,15.0
1659,3,3,Bangalore,Apartment,6,0,9.82,80.26
542,1,1,Delhi,Apartment,18,0,1.87,15.0
468,1,1,Delhi,Apartment,18,1,5.41,15.0
704,1,1,Delhi,Builder Floor,3,0,2.43,27.19
2097,3,3,Bangalore,Apartment,6,1,6.26,120.37
706,1,1,Delhi,Apartment,18,0,5.14,15.0
595,1,2,Mumbai,Builder Floor,2,1,9.01,22.14
1336,2,2,Bangalore,Apartment,13,1,2.69,68.24
2373,4,4,Bangalore,Apartment,13,0,6.88,145.97
1308,2,2,Bangalore,Apartment,24,1,2.13,60.93
758,1,2,Mumbai,Apartment,19,1,6.67,33.46
1084,2,3,Bangalore,Builder Floor,5,1,12.0,46.43
2136,3,3,Delhi,Apartment,6,0,2.04,136.08
1315,2,2,Delhi,Apartment,1,0,2.88,77.3
820,1,1,Bangalore,Apartment,21,1,4.13,15.0
584,1,1,Mumbai,Apartment,18,1,9.5,15.0
3148,4,4,Delhi,Apartment,22,1,6.55,205.9
840,1,1,Delhi,Apartment,22,0,6.37,15.0
580,1,1,Delhi,Apartment,14,1,9.44,15.0
1788,3,3,Bangalore,Apartment,12,0,7.13,85.34
661,1,1,Delhi,Apartment,20,0,6.61,15.0
1936,3,3,Delhi,Apartment,0,1,8.15,117.25
2879,4,4,Delhi,Builder Floor,2,1,2.6,205.81
1751,3,3,Mumbai,Apartment,13,1,3.18,123.18
749,1,1,Bangalore,Apartment,7,1,8.19,22.17
2198,3,4,Delhi,Villa,12,0,11.15,163.89
827,1,1,Bangalore,Builder Floor,7,1,11.31,18.62
917,2,2,Bangalore,Apartment,6,0,10.46,34.37
1834,3,3,Bangalore,Apartment,16,1,11.01,87.56
627,1,1,Mumbai,Apartment,9,0,1.95,20.76
1310,2,2,Delhi,Apartment,22,0,5.23,54.25
453,1,1,Bangalore,Apartment,7,1,1.32,29.2
541,1,1,Bangalore,Builder Floor,19,1,8.01,15.0
537,1,1,Mumbai,Apartment,3,1,9.68,17.67
2162,4,4,Bangalore,Apartment,14,1,8.22,128.35
1226,3,3,Bangalore,Apartment,20,1,11.59,51.3
709,1,2,Mumbai,Apartment,8,1,5.44,43.52
644,1,2,Delhi,Apartment,10,0,7.98,15.0
1105,2,1,Bangalore,Apartment,22,1,9.2,34.12
1922,3,2,Delhi,Apartment,3,1,7.93,110.64
630,1,1,Mumbai,Apartment,9,1,5.96,20.87
633,1,1,Bangalore,Apartment,14,0,5.2,15.0
2909,5,4,Mumbai,Apartment,13,0,11.95,244.17
1395,2,2,Bangalore,Apartment,6,1,5.71,67.92
3302,5,6,Mumbai,Apartment,18,1,7.36,282.34
3156,4,4,Bangalore,Apartment,8,1,5.5,185.07
844,1,1,Delhi,Apartment,11,1,1.52,37.33
1323,2,2,Bangalore,Apartment,1,1,5.06,86.6
1390,2,2,Mumbai,Apartment,17,1,11.38,76.65
1171,2,1,Mumbai,Apartment,15,1,7.21,76.89
4078,5,5,Mumbai,Apartment,16,0,7.11,320.85
550,1,1,Bangalore,Apartment,11,0,9.53,15.0
3155,4,4,Bangalore,Apartment,9,1,9.46,174.63
2172,3,3,Mumbai,Builder Floor,21,0,8.74,140.14
1394,2,1,Bangalore,Builder Floor,15,1,3.9,51.71
1135,2,3,Mumbai,Apartment,24,1,2.72,64.5
1655,3,3,Bangalore,Apartment,6,1,5.49,93.9
1384,2,2,Mumbai,Apartment,1,1,0.56,106.89
2650,4,4,Bangalore,Apartment,21,1,10.02,153.15
551,1,1,Bangalore,Apartment,21,1,0.43,22.0
599,1,1,Bangalore,Builder Floor,12,0,6.55,15.0
2365,4,3,Mumbai,Apartment,5,0,11.69,175.66
501,1,1,Bangalore,Apartment,12,1,5.54,18.15
758,1,1,Delhi,Apartment,4,1,6.21,23.99
560,1,1,Delhi,Apartment,18,1,4.2,15.0
1305,2,3,Delhi,Apartment,13,1,0.68,73.63
2901,4,4,Bangalore,Apartment,11,0,9.16,148.55
1272,2,1,Delhi,Builder Floor,5,0,1.05,73.5
1047,2,3,Bangalore,Apartment,18,1,8.7,29.87
2926,4,4,Bangalore,Apartment,20,1,9.44,160.87
643,1,1,Delhi,Apartment,4,1,7.95,15.0
486,1,1,Bangalore,Apartment,22,0,11.06,15.0
895,2,2,Delhi,Apartment,10,1,5.13,50.49
2054,3,3,Mumbai,Builder Floor,12,0,1.36,139.15
1502,3,3,Bangalore,Apartment,13,1,5.43,84.94
865,2,2,Delhi,Apartment,5,1,3.87,57.91
3043,5,5,Bangalore,Apartment,8,0,11.32,187.79
1283,2,2,Mumbai,Apartment,13,1,7.62,82.53
553,1,2,Bangalore,Builder Floor,24,1,7.33,15.0
538,1,1,Bangalore,Apartment,24,1,2.06,15.0
765,1,1,Bangalore,Apartment,3,1,1.47,38.61
629,1,1,Bangalore,Apartment,7,1,3.9,29.41
2863,4,4,Mumbai,Apartment,21,1,11.85,205.96
1192,2,1,Mumbai,Apartment,5,0,4.01,81.03
2563,4,4,Mumbai,Builder Floor,8,1,11.46,199.35
1336,3,3,Delhi,Apartment,21,0,1.57,77.31
1338,2,2,Delhi,Builder Floor,12,1,4.13,66.17
1919,3,3,Mumbai,Villa,11,1,4.64,191.22
1358,2,2,Mumbai,Apartment,11,1,9.53,90.22
1329,2,3,Mumbai,Apartment,11,1,5.35,80.7
1514,3,2,Bangalore,Apartment,5,1,5.61,83.37
2498,4,4,Delhi,Builder Floor,13,0,8.27,150.81
668,1,1,Delhi,Apartment,6,0,0.69,23.12
1380,2,3,Delhi,Apartment,12,1,7.01,68.13
1021,2,2,Delhi,Apartment,20,1,11.45,30.72
1894,3,2,Delhi,Apartment,13,1,3.65,118.1
902,2,3,Mumbai,Apartment,15,1,5.68,58.71
1296,2,3,Mumbai,Builder Floor,4,0,7.99,75.53
802,1,1,Mumbai,Builder Floor,5,1,4.1,54.27
1238,2,2,Delhi,Apartment,4,1,0.69,84.88
565,1,1,Mumbai,Apartment,22,1,9.3,15.0
616,1,1,Delhi,Builder Floor,15,0,1.91,17.32
2916,4,5,Mumbai,Apartment,2,0,7.56,219.67
1152,2,3,Delhi,Builder Floor,16,1,11.54,45.41
1766,3,4,Bangalore,Apartment,3,1,6.35,110.66
1296,3,3,Mumbai,Villa,17,1,4.45,158.93
470,1,1,Mumbai,Apartment,7,1,5.0,28.82
1085,2,2,Bangalore,Villa,3,0,1.69,110.52
1050,2,1,Delhi,Apartment,18,0,2.78,55.21
1228,2,2,Bangalore,Builder Floor,12,0,3.4,42.62
1156,2,3,Bangalore,Apartment,15,0,2.46,45.23
483,1,1,Mumbai,Builder Floor,12,0,11.46,15.0
2766,4,3,Delhi,Apartment,2,1,2.11,205.86
2538,4,4,Bangalore,Apartment,9,1,0.96,168.43
2420,4,4,Delhi,Builder Floor,2,1,3.64,169.75
860,2,3,Mumbai,Builder Floor,8,0,1.36,52.31
2063,3,3,Bangalore,Apartment,11,0,8.41,100.36
1604,3,3,Mumbai,Builder Floor,13,0,6.51,116.26
2230,4,5,Delhi,Apartment,19,1,11.88,133.46
864,2,2,Delhi,Builder Floor,14,0,9.23,28.63
899,2,2,Bangalore,Apartment,6,1,4.7,47.28
1097,2,2,Delhi,Builder Floor,15,1,11.33,44.09
3078,4,4,Bangalore,Apartment,12,1,6.55,184.14
2240,4,4,Delhi,Apartment,5,1,1.24,163.14
1097,2,2,Delhi,Apartment,1,1,2.14,76.1
1143,2,2,Bangalore,Apartment,24,1,7.31,32.77
1471,3,3,Delhi,Builder Floor,2,0,11.32,72.91
591,1,2,Mumbai,Apartment,14,1,10.9,15.0
1643,3,4,Delhi,Apartment,5,1,8.15,96.09
2303,4,4,Mumbai,Apartment,3,1,4.03,205.94
1106,2,2,Bangalore,Builder Floor,8,1,2.12,42.03
2122,3,2,Bangalore,Apartment,5,1,0.79,128.83
955,2,2,Mumbai,Builder Floor,7,1,1.14,72.56
892,2,2,Mumbai,Apartment,17,0,0.55,54.28
3159,4,4,Delhi,Villa,17,1,11.4,233.82
1097,2,2,Bangalore,Apartment,21,1,5.96,36.13
930,2,2,Bangalore,Apartment,21,0,3.71,38.65
1659,3,3,Bangalore,Apartment,19,1,1.5,94.61
1207,2,3,Mumbai,Apartment,4,0,7.47,70.34
2524,5,5,Mumbai,Builder Floor,20,1,5.3,220.4
2170,3,4,Bangalore,Apartment,21,1,2.91,115.56
2077,3,3,Mumbai,Apartment,13,0,11.67,140.98
463,1,1,Delhi,Apartment,21,1,4.39,20.58
1230,3,4,Bangalore,Apartment,0,0,8.27,67.89
1720,3,3,Bangalore,Apartment,3,0,10.06,95.57
2015,3,4,Mumbai,Apartment,5,1,7.82,147.68
2162,3,3,Delhi,Apartment,8,1,10.81,117.74
648,1,1,Bangalore,Apartment,7,1,3.69,26.78
1632,3,3,Delhi,Apartment,10,1,2.73,105.38
1951,3,4,Bangalore,Apartment,4,1,2.32,116.39
620,1,1,Mumbai,Apartment,17,1,7.56,18.96
1153,2,2,Delhi,Villa,19,0,7.4,86.78
1053,2,3,Delhi,Villa,4,1,8.81,101.16
606,1,2,Bangalore,Apartment,18,1,8.11,15.0
1453,3,3,Mumbai,Apartment,4,0,0.59,113.32
3570,5,5,Mumbai,Apartment,17,0,11.2,272.84
1283,2,2,Mumbai,Apartment,19,0,8.35,72.49
1323,2,2,Delhi,Apartment,3,1,9.93,66.65
995,2,2,Delhi,Apartment,9,0,11.44,33.45
1020,2,1,Delhi,Apartment,21,0,6.23,43.11
1111,2,2,Bangalore,Apartment,5,0,4.63,57.25
1225,2,2,Bangalore,Apartment,3,1,2.22,75.16
1762,3,3,Mumbai,Builder Floor,7,1,3.11,138.48
642,1,2,Bangalore,Apartment,5,0,11.07,15.0
2698,4,4,Mumbai,Villa,13,1,2.96,252.93
2563,5,5,Mumbai,Apartment,1,1,3.58,244.84
866,2,2,Delhi,Apartment,11,1,2.11,52.02
1828,4,4,Bangalore,Apartment,4,0,2.11,126.31
1144,2,2,Delhi,Apartment,5,1,3.21,59.69
655,1,1,Mumbai,Apartment,0,1,9.44,27.5
470,1,1,Delhi,Apartment,14,1,7.13,17.96
1246,2,1,Bangalore,Apartment,13,1,6.74,47.85
1090,2,1,Mumbai,Apartment,12,0,9.25,51.72
2546,4,4,Mumbai,Apartment,0,0,6.18,205.03
3343,5,5,Delhi,Builder Floor,23,1,2.42,239.84
1027,2,2,Bangalore,Apartment,18,0,2.2,40.36
1972,3,3,Bangalore,Apartment,23,1,6.99,104.31
924,2,2,Delhi,Apartment,4,1,7.33,44.03
1381,3,3,Mumbai,Apartment,12,1,10.13,103.8
1300,2,2,Mumbai,Apartment,9,0,1.02,93.99
1530,3,3,Mumbai,Apartment,5,1,3.35,132.92
2089,4,4,Mumbai,Apartment,23,1,5.69,157.69
958,2,1,Delhi,Apartment,19,1,7.84,49.11
586,1,1,Delhi,Builder Floor,12,1,8.6,15.0
770,1,1,Delhi,Apartment,23,0,8.17,15.0
1846,3,3,Delhi,Apartment,10,0,8.0,100.7
2894,4,4,Mumbai,Builder Floor,3,0,7.85,214.72
2045,4,4,Mumbai,Apartment,19,1,6.98,169.6
1477,3,2,Delhi,Builder Floor,12,1,3.09,86.7
1250,3,3,Delhi,Builder Floor,19,1,8.23,76.86
1948,4,3,Mumbai,Apartment,12,0,4.92,161.05
1093,2,3,Mumbai,Apartment,8,1,4.15,83.05
762,1,1,Delhi,Apartment,1,0,6.06,23.24
1543,3,3,Bangalore,Villa,7,1,4.51,137.35
2683,4,4,Mumbai,Builder Floor,15,1,1.19,212.03
1279,3,3,Bangalore,Builder Floor,8,0,10.37,51.65
971,2,3,Delhi,Apartment,2,1,0.2,52.46
505,1,1,Delhi,Villa,7,1,5.53,61.62
819,1,1,Bangalore,Apartment,20,0,6.36,15.0
1377,2,2,Mumbai,Builder Floor,0,1,10.74,83.2
704,1,1,Delhi,Builder Floor,24,1,10.52,15.0
3103,4,4,Mumbai,Apartment,23,0,3.38,233.82
1246,3,3,Delhi,Builder Floor,23,0,8.95,38.24
1507,3,4,Delhi,Apartment,16,1,10.32,91.25
2161,3,3,Bangalore,Villa,17,0,11.72,132.59
614,1,2,Delhi,Apartment,2,1,4.83,29.96
1893,3,4,Mumbai,Apartment,21,1,4.03,130.53
623,1,1,Mumbai,Apartment,16,1,9.86,17.91
632,1,1,Delhi,Villa,4,1,9.06,69.05
932,2,2,Bangalore,Apartment,10,1,7.26,41.43
887,2,2,Delhi,Builder Floor,9,0,0.54,43.55
739,1,1,Bangalore,Apartment,12,1,7.92,15.0
2408,4,4,Bangalore,Apartment,7,1,11.92,146.74
1177,2,2,Delhi,Apartment,7,1,0.5,72.18
1013,2,2,Bangalore,Apartment,15,1,10.99,45.55
1382,3,3,Mumbai,Builder Floor,14,1,3.07,107.49
1628,3,4,Delhi,Apartment,5,0,11.8,89.11
732,1,1,Mumbai,Apartment,0,1,0.45,59.6
930,2,2,Mumbai,Apartment,16,1,3.89,66.11
1132,2,3,Bangalore,Apartment,9,0,3.77,63.92
1256,2,2,Delhi,Apartment,19,0,3.28,62.04
1071,2,2,Mumbai,Apartment,24,0,2.23,56.28
1226,3,4,Mumbai,Builder Floor,21,1,1.06,94.72
1311,2,1,Bangalore,Apartment,6,0,1.47,63.92
2055,3,3,Mumbai,Builder Floor,23,0,3.6,128.13
2708,4,4,Delhi,Apartment,17,1,10.32,164.93
901,2,2,Bangalore,Builder Floor,15,0,2.94,34.34
2619,4,5,Delhi,Apartment,11,1,6.32,167.93
857,2,2,Delhi,Apartment,18,0,5.81,43.4
2489,4,4,Mumbai,Apartment,7,1,5.47,194.86
1838,4,4,Mumbai,Apartment,14,1,2.21,164.67
1567,3,3,Delhi,Builder Floor,7,0,5.64,93.96
1815,3,3,Delhi,Builder Floor,15,0,2.62,95.91
702,1,1,Mumbai,Apartment,16,0,1.6,32.36
1940,3,3,Bangalore,Apartment,17,0,3.54,97.93
2575,4,3,Bangalore,Apartment,1,1,9.53,155.57
1024,2,2,Delhi,Apartment,12,0,4.3,38.54
840,1,1,Bangalore,Apartment,11,0,8.77,16.57
746,1,1,Delhi,Apartment,20,0,0.68,20.05
2185,4,4,Delhi,Apartment,21,0,2.71,144.35
1850,3,4,Mumbai,Apartment,11,1,4.9,127.62
1069,2,2,Mumbai,Apartment,4,1,6.06,71.6
1701,3,3,Delhi,Apartment,14,1,9.04,97.6
3851,5,5,Mumbai,Apartment,19,1,1.9,320.46
3559,5,5,Delhi,Builder Floor,5,1,10.95,255.12
699,1,1,Delhi,Builder Floor,8,1,2.98,27.81
957,2,1,Bangalore,Apartment,22,1,9.65,28.01
1207,2,2,Mumbai,Builder Floor,0,0,6.0,78.72
835,1,1,Mumbai,Apartment,24,0,5.12,38.46
2113,4,4,Delhi,Apartment,24,1,10.88,134.71
915,2,2,Bangalore,Apartment,22,0,9.23,21.03
951,2,2,Delhi,Builder Floor,5,1,10.59,37.83
1835,3,2,Mumbai,Apartment,0,1,2.36,157.21
1298,3,3,Bangalore,Builder Floor,3,1,9.37,63.37
1814,4,4,Delhi,Builder Floor,20,1,10.45,118.21
3024,4,5,Bangalore,Apartment,7,1,10.2,161.25
1703,3,3,Bangalore,Apartment,23,1,7.81,70.3
1835,3,3,Delhi,Builder Floor,7,0,9.57,91.11
2859,4,4,Delhi,Apartment,22,1,6.8,171.44
1077,2,2,Bangalore,Builder Floor,8,0,4.28,39.93
972,2,1,Bangalore,Apartment,13,1,10.91,40.25
1272,2,2,Mumbai,Apartment,15,1,7.56,75.04
1322,2,2,Bangalore,Villa,14,1,8.8,93.65
3168,4,4,Delhi,Apartment,1,0,1.91,208.16
922,2,1,Delhi,Apartment,2,1,5.2,48.69
1489,3,3,Delhi,Apartment,14,1,8.26,92.64
1281,2,2,Mumbai,Apartment,0,1,9.28,85.39
812,1,1,Delhi,Apartment,11,1,4.0,35.99
705,1,1,Delhi,Apartment,7,1,9.52,15.42
816,1,1,Bangalore,Apartment,8,1,7.75,28.72
522,1,1,Bangalore,Builder Floor,0,0,6.78,15.0
877,2,2,Delhi,Builder Floor,5,0,1.69,44.86
1229,3,2,Bangalore,Apartment,5,1,4.9,84.53
1220,3,3,Mumbai,Apartment,17,1,5.85,100.87
1584,3,3,Mumbai,Apartment,20,1,3.7,121.8
1221,2,2,Mumbai,Apartment,6,0,4.66,79.38
1273,2,3,Delhi,Apartment,5,1,11.97,57.76
1393,2,2,Delhi,Apartment,5,0,2.85,87.58
1997,4,5,Bangalore,Apartment,11,1,5.77,124.75
1314,2,2,Mumbai,Apartment,14,0,9.37,62.03
2242,4,4,Delhi,Apartment,19,1,0.87,154.82
842,1,1,Bangalore,Apartment,17,1,2.65,30.46
2742,4,4,Mumbai,Apartment,8,0,4.8,218.03
2171,4,3,Bangalore,Apartment,2,1,3.63,152.72
1373,2,2,Delhi,Apartment,14,1,2.79,77.94
1197,2,2,Delhi,Apartment,8,1,2.18,61.28
1016,2,3,Mumbai,Villa,24,1,4.71,104.39
1083,2,2,Bangalore,Builder Floor,13,1,0.77,64.96
625,1,1,Delhi,Apartment,8,1,5.65,15.62
1280,3,3,Mumbai,Apartment,7,1,10.53,91.08
908,2,2,Delhi,Apartment,16,1,3.71,42.9
595,1,1,Delhi,Builder Floor,9,0,2.85,15.0
1215,2,2,Bangalore,Apartment,15,0,6.75,43.45
1977,4,5,Delhi,Apartment,13,0,2.51,143.36
1038,2,3,Delhi,Apartment,23,1,4.6,41.6
520,1,1,Bangalore,Apartment,1,1,7.4,20.28
1378,2,2,Delhi,Apartment,19,0,9.08,49.57
1397,3,4,Mumbai,Apartment,15,1,0.38,121.8
1648,3,3,Delhi,Apartment,20,0,6.08,100.9
662,1,1,Bangalore,Apartment,16,1,7.64,15.0
1960,3,3,Bangalore,Apartment,4,0,10.69,80.99
1388,3,3,Bangalore,Apartment,11,0,11.52,63.45
2009,3,3,Bangalore,Apartment,19,1,10.38,96.3
1052,2,2,Delhi,Apartment,0,1,3.18,73.65
1009,2,1,Delhi,Apartment,14,1,1.25,67.33
1271,2,2,Bangalore,Builder Floor,10,1,1.59,65.16
1916,4,4,Delhi,Apartment,1,0,5.01,149.62
1353,3,3,Bangalore,Apartment,12,1,6.39,74.08
1377,2,3,Mumbai,Apartment,6,1,7.88,85.2
2952,4,4,Bangalore,Apartment,18,1,1.35,181.86
3810,5,5,Bangalore,Apartment,13,1,9.56,239.27
962,2,2,Mumbai,Apartment,18,1,11.4,48.75
659,1,1,Bangalore,Builder Floor,13,1,5.77,15.0
3658,5,5,Delhi,Apartment,4,0,5.51,252.39
997,2,2,Mumbai,Builder Floor,18,1,2.97,59.85
1007,2,2,Mumbai,Apartment,21,1,6.47,51.72
4438,5,5,Bangalore,Apartment,9,1,7.94,266.02
1209,2,3,Bangalore,Builder Floor,10,0,5.32,38.7
1435,3,2,Mumbai,Villa,17,1,5.69,146.36
1230,3,2,Bangalore,Apartment,19,0,10.05,58.09
1854,4,4,Mumbai,Builder Floor,6,0,7.18,150.12
1158,2,2,Mumbai,Apartment,22,0,4.21,67.64
941,2,1,Mumbai,Apartment,0,1,8.49,61.42
2329,4,4,Bangalore,Apartment,19,1,11.13,130.04
786,1,2,Mumbai,Apartment,16,1,8.93,28.12
2107,4,4,Delhi,Builder Floor,3,1,7.19,137.78
709,1,1,Delhi,Apartment,24,0,9.66,15.0
1982,3,3,Bangalore,Apartment,6,1,11.14,102.48
1186,2,2,Mumbai,Builder Floor,10,1,7.77,60.77
1352,3,2,Delhi,Builder Floor,21,1,3.19,80.87
1812,4,5,Delhi,Apartment,22,0,10.9,112.09
979,2,3,Mumbai,Apartment,24,0,8.54,38.87
847,1,1,Mumbai,Villa,5,1,8.41,87.67
1873,3,3,Bangalore,Apartment,11,1,9.32,99.39
1059,2,1,Delhi,Apartment,9,1,5.18,63.09
994,2,2,Bangalore,Apartment,5,1,0.77,52.8
1126,2,3,Mumbai,Apartment,1,0,3.74,73.67
1268,2,2,Delhi,Apartment,23,1,8.68,53.68
953,2,2,Mumbai,Apartment,8,1,5.75,70.54
1349,2,2,Bangalore,Builder Floor,18,1,3.42,52.01
1406,3,3,Mumbai,Apartment,2,0,10.79,106.54
1138,2,1,Bangalore,Villa,11,1,10.54,98.31
1205,2,3,Mumbai,Builder Floor,20,1,0.41,79.0
2899,4,4,Delhi,Apartment,0,1,3.6,204.48
707,1,1,Delhi,Apartment,23,1,9.48,21.56
479,1,1,Bangalore,Apartment,22,1,5.74,15.0
1056,2,2,Mumbai,Apartment,17,1,8.13,59.71
1051,2,2,Delhi,Apartment,13,0,2.66,53.65
1433,3,3,Bangalore,Apartment,10,1,7.78,79.05
2168,3,3,Mumbai,Apartment,21,1,4.04,159.47
1833,3,3,Mumbai,Apartment,15,0,7.55,123.93
1052,2,2,Mumbai,Apartment,17,0,4.8,62.35
2402,4,4,Bangalore,Apartment,15,1,2.33,151.83
1214,2,2,Bangalore,Apartment,15,1,5.27,52.74
1973,3,3,Mumbai,Apartment,12,1,0.32,150.78
1026,2,2,Bangalore,Apartment,12,0,6.22,37.94
916,2,2,Bangalore,Apartment,18,1,2.89,48.73
3486,5,5,Delhi,Builder Floor,5,1,8.67,241.56
3524,5,5,Mumbai,Builder Floor,24,1,0.6,298.12
885,2,3,Mumbai,Apartment,12,0,11.21,35.31
494,1,1,Mumbai,Apartment,14,0,9.23,15.0
751,1,2,Delhi,Apartment,7,0,0.83,33.23
1062,2,2,Bangalore,Apartment,10,1,3.2,50.96
2888,4,4,Delhi,Apartment,3,1,1.57,204.15
457,1,1,Delhi,Apartment,7,1,8.83,15.0
796,1,2,Delhi,Apartment,16,1,2.94,30.83
1378,2,3,Delhi,Builder Floor,5,1,1.86,80.55
1344,3,3,Delhi,Builder Floor,7,0,7.17,85.63
1890,3,4,Mumbai,Builder Floor,11,0,2.29,135.0
940,2,2,Mumbai,Apartment,14,1,11.62,48.98
684,1,1,Mumbai,Villa,2,1,5.15,83.84
875,2,2,Delhi,Builder Floor,9,1,5.31,53.23
931,2,2,Delhi,Builder Floor,16,1,0.42,48.22
1166,2,1,Delhi,Apartment,1,0,2.2,75.44
1248,2,2,Mumbai,Villa,19,1,10.62,116.04
1018,2,2,Mumbai,Builder Floor,4,1,5.97,64.02
1429,3,2,Bangalore,Villa,0,1,3.8,142.33
1227,2,2,Mumbai,Apartment,14,1,3.23,80.44
1900,3,3,Bangalore,Builder Floor,4,1,4.09,106.73
562,1,2,Delhi,Builder Floor,14,1,4.12,18.92
1398,3,3,Mumbai,Apartment,14,1,2.26,124.76
550,1,1,Delhi,Apartment,3,1,2.92,21.4
938,2,2,Delhi,Apartment,16,1,3.3,51.55
3026,4,3,Mumbai,Apartment,8,1,8.49,242.51
1357,2,1,Mumbai,Builder Floor,13,0,6.6,78.91
1674,3,3,Bangalore,Apartment,19,1,11.3,84.94
1181,2,3,Mumbai,Apartment,0,0,5.61,76.54
3895,5,5,Mumbai,Villa,21,1,1.49,374.2
1894,3,3,Delhi,Apartment,22,1,8.93,78.98
1134,2,2,Bangalore,Builder Floor,3,1,6.19,46.52
1276,2,3,Mumbai,Apartment,15,1,11.66,79.25
2857,4,4,Mumbai,Apartment,21,1,7.81,209.81
1176,2,3,Mumbai,Apartment,11,1,5.2,86.02
3085,4,5,Mumbai,Apartment,23,1,10.14,224.85
921,2,2,Bangalore,Apartment,24,0,1.65,43.27
748,1,1,Mumbai,Builder Floor,0,1,1.38,45.75
488,1,1,Delhi,Apartment,2,0,11.39,15.0
1005,2,2,Delhi,Apartment,6,1,8.93,46.15
2914,4,4,Bangalore,Apartment,20,1,4.17,159.52
2315,4,4,Delhi,Villa,16,1,3.24,202.46
732,1,1,Mumbai,Apartment,8,1,2.17,40.54
1239,2,3,Delhi,Apartment,4,1,4.47,71.05
1264,2,2,Bangalore,Apartment,24,0,0.79,53.37
737,1,1,Delhi,Builder Floor,7,1,8.64,15.0
2005,3,3,Delhi,Apartment,16,0,9.9,93.56
1873,4,3,Mumbai,Builder Floor,9,1,0.4,173.51
835,1,1,Bangalore,Apartment,17,0,2.19,15.0
2027,3,4,Bangalore,Apartment,8,0,0.71,113.75
719,1,1,Bangalore,Apartment,0,1,4.88,31.19
636,1,1,Delhi,Apartment,7,0,2.14,15.0
2157,4,3,Bangalore,Apartment,8,0,7.91,127.34
1531,3,4,Bangalore,Villa,22,0,5.68,116.19
704,1,1,Delhi,Apartment,1,1,7.21,23.11
1139,2,3,Bangalore,Apartment,13,1,4.73,47.28
1355,2,3,Mumbai,Apartment,19,1,6.92,83.89
736,1,1,Bangalore,Apartment,5,0,6.06,22.19
1532,3,3,Bangalore,Apartment,24,1,3.65,82.28
1106,2,1,Bangalore,Builder Floor,21,1,0.91,56.67
1912,3,3,Delhi,Apartment,21,1,10.93,97.01
1957,3,4,Mumbai,Apartment,18,1,5.48,143.89
2862,5,4,Mumbai,Villa,9,0,2.81,302.31
1366,2,1,Bangalore,Apartment,21,1,3.69,65.1
1863,3,3,Delhi,Apartment,11,1,10.19,110.99
2026,3,3,Mumbai,Apartment,10,1,1.76,154.25
1065,2,3,Delhi,Apartment,18,0,8.64,32.37
3802,5,6,Mumbai,Apartment,11,0,3.04,306.24
1299,3,2,Delhi,Builder Floor,3,1,2.42,92.94
687,1,1,Mumbai,Builder Floor,22,1,9.65,15.0
456,1,1,Delhi,Apartment,17,0,1.35,15.0
1184,2,2,Mumbai,Villa,7,1,0.56,138.47
4215,5,5,Bangalore,Builder Floor,23,1,4.41,234.41
1900,3,4,Delhi,Apartment,12,1,11.87,107.75
1801,3,4,Mumbai,Builder Floor,16,0,7.57,120.97
2696,4,5,Bangalore,Apartment,1,1,5.99,163.3
1351,2,2,Mumbai,Apartment,20,1,5.44,85.35
1348,3,3,Mumbai,Apartment,3,1,8.36,101.03
1634,3,4,Delhi,Villa,14,1,0.33,164.64
1579,3,4,Delhi,Villa,17,1,10.51,134.72
1886,4,4,Delhi,Apartment,3,0,8.9,126.63
1024,2,2,Delhi,Apartment,2,1,9.82,40.61
1289,3,3,Mumbai,Apartment,9,1,1.27,104.41
1350,2,2,Mumbai,Apartment,8,0,3.41,93.65
2188,4,3,Bangalore,Apartment,1,0,2.06,147.15
1386,3,3,Mumbai,Builder Floor,11,0,3.24,98.21
1028,2,2,Delhi,Builder Floor,5,0,8.4,37.76
2086,3,2,Mumbai,Villa,7,1,5.26,197.98
680,1,1,Bangalore,Villa,14,1,0.65,81.18
769,1,1,Delhi,Apartment,21,0,7.92,15.51
1226,2,1,Delhi,Apartment,1,1,9.54,60.18
3030,4,4,Bangalore,Builder Floor,0,1,1.06,195.04
3172,4,4,Delhi,Apartment,2,1,0.51,207.68
1825,3,3,Delhi,Builder Floor,23,1,6.62,87.01
1895,4,4,Mumbai,Builder Floor,1,1,5.61,166.42
492,1,1,Mumbai,Apartment,24,0,1.48,18.3
2013,3,3,Mumbai,Apartment,0,0,0.4,158.96
522,1,1,Bangalore,Apartment,17,1,4.94,15.0
791,1,1,Mumbai,Apartment,8,1,10.53,34.48
1178,2,2,Delhi,Apartment,9,1,6.73,64.93
610,1,1,Delhi,Apartment,20,1,3.42,15.13
824,1,1,Bangalore,Builder Floor,18,0,4.21,15.0
706,1,1,Delhi,Builder Floor,18,1,3.61,16.83
1106,2,3,Delhi,Builder Floor,14,1,8.54,41.8
2105,3,3,Mumbai,Apartment,19,0,5.56,134.78
3355,5,5,Delhi,Apartment,10,1,8.11,230.19
1113,2,3,Delhi,Builder Floor,10,0,0.62,60.89
2104,3,3,Delhi,Apartment,11,1,2.27,130.9
466,1,1,Delhi,Apartment,16,1,11.09,15.0
1719,3,3,Mumbai,Apartment,1,0,4.82,139.59
910,2,2,Delhi,Apartment,4,1,3.47,48.59
768,1,1,Bangalore,Apartment,12,1,4.83,25.86
2426,4,4,Bangalore,Apartment,16,1,11.1,143.05
1932,4,4,Delhi,Apartment,5,1,7.15,148.8
577,1,2,Mumbai,Apartment,7,1,2.27,34.31
3604,5,4,Bangalore,Apartment,8,1,4.35,236.86
3254,5,6,Delhi,Apartment,13,1,8.25,245.85
1194,2,2,Bangalore,Apartment,23,1,5.93,46.55
1322,2,2,Bangalore,Apartment,21,0,0.59,50.78
2156,3,3,Delhi,Villa,6,0,10.3,168.57
1869,3,3,Delhi,Builder Floor,21,1,6.5,104.38
4024,5,5,Mumbai,Apartment,22,1,5.47,327.12
1477,3,4,Delhi,Apartment,8,1,8.54,87.28
920,2,2,Mumbai,Villa,23,1,5.96,94.82
1109,2,2,Delhi,Builder Floor,24,0,4.68,30.86
1358,2,3,Delhi,Apartment,9,0,10.72,51.69
1001,2,2,Delhi,Villa,14,0,5.73,89.91
1991,4,5,Bangalore,Builder Floor,20,0,9.88,100.72
1238,2,2,Bangalore,Apartment,9,0,11.65,46.42
4037,5,4,Mumbai,Apartment,7,1,9.45,329.12
3176,4,4,Bangalore,Apartment,23,1,9.56,166.76
2036,3,4,Bangalore,Apartment,0,1,0.99,123.99
1392,2,2,Mumbai,Apartment,5,1,1.91,104.16
1816,3,3,Mumbai,Builder Floor,8,1,2.0,131.25
3100,4,5,Mumbai,Villa,20,1,2.15,281.08
2683,4,4,Bangalore,Apartment,20,1,3.89,133.2
978,2,3,Bangalore,Builder Floor,18,1,8.03,32.66
3012,4,4,Bangalore,Builder Floor,4,1,2.92,164.65
885,2,2,Mumbai,Apartment,18,1,8.29,53.91
788,1,2,Delhi,Apartment,11,0,1.39,39.14
906,2,2,Bangalore,Apartment,24,1,3.33,39.2
1330,2,2,Delhi,Apartment,10,1,2.43,74.79
1091,2,2,Bangalore,Apartment,1,0,6.23,48.92
1496,3,2,Bangalore,Apartment,14,1,8.4,79.17
638,1,1,Mumbai,Builder Floor,19,1,1.21,30.52
2946,4,5,Delhi,Apartment,2,0,3.09,196.43
1864,3,3,Bangalore,Apartment,17,1,6.64,88.42
1305,2,1,Delhi,Apartment,6,1,2.79,72.34
875,2,2,Bangalore,Apartment,1,1,2.64,57.04
504,1,2,Bangalore,Apartment,19,1,9.89,15.0
1174,2,2,Delhi,Villa,15,1,8.05,106.49
729,1,1,Bangalore,Villa,24,0,4.45,54.95
2116,4,5,Mumbai,Builder Floor,4,0,11.0,165.94
3416,5,5,Mumbai,Apartment,8,0,7.91,277.97
1444,3,3,Bangalore,Apartment,14,0,10.69,61.23
2091,3,3,Delhi,Apartment,4,1,3.82,138.22
475,1,1,Mumbai,Apartment,4,1,10.6,15.0
1644,3,3,Bangalore,Builder Floor,2,1,8.07,91.32
591,1,2,Bangalore,Apartment,7,0,1.64,16.99
1004,2,2,Delhi,Apartment,20,0,1.21,48.96
1586,3,4,Mumbai,Apartment,7,1,4.81,121.16
1281,3,2,Delhi,Apartment,15,1,9.66,88.23
891,2,2,Mumbai,Builder Floor,16,1,11.24,34.39
580,1,1,Delhi,Apartment,24,1,11.84,15.0
2813,4,5,Mumbai,Apartment,3,0,3.04,233.36
2768,4,3,Mumbai,Apartment,7,0,6.84,215.45
1254,2,2,Delhi,Villa,9,1,9.22,104.05
1126,2,2,Delhi,Apartment,12,1,11.02,45.63
995,2,2,Mumbai,Builder Floor,24,0,6.56,38.24
1016,2,2,Mumbai,Builder Floor,21,0,10.06,36.42
577,1,1,Bangalore,Builder Floor,4,1,7.99,15.0
777,1,1,Delhi,Apartment,13,1,9.02,22.52
2855,4,4,Mumbai,Apartment,13,0,8.65,202.8
3263,5,6,Delhi,Builder Floor,3,1,1.98,234.97
1273,3,3,Mumbai,Apartment,10,0,9.61,86.27
1152,2,2,Delhi,Apartment,14,1,1.64,66.61
1545,3,4,Bangalore,Apartment,8,0,0.44,89.83
1171,2,2,Mumbai,Apartment,22,1,2.24,66.59
2130,3,2,Mumbai,Builder Floor,23,0,6.85,132.43
1199,2,1,Delhi,Apartment,6,0,4.59,60.35
838,1,1,Bangalore,Apartment,19,1,8.07,15.52
1014,2,2,Bangalore,Villa,19,1,7.61,76.82
1386,3,3,Delhi,Apartment,5,0,2.48,83.47
1869,3,3,Bangalore,Apartment,23,1,10.79,85.25
1250,3,3,Mumbai,Villa,18,1,6.35,127.78
567,1,2,Bangalore,Apartment,12,1,9.92,15.0
1378,2,2,Bangalore,Builder Floor,23,0,7.19,51.15
732,1,1,Bangalore,Apartment,17,0,4.88,15.0
843,1,1,Mumbai,Villa,15,0,7.41,76.89
635,1,1,Delhi,Apartment,3,0,4.36,15.75
916,2,2,Delhi,Apartment,17,1,5.61,33.41
1316,2,2,Mumbai,Villa,18,1,3.49,121.74
941,2,1,Mumbai,Apartment,5,0,9.64,53.11
1352,2,3,Bangalore,Apartment,23,1,9.42,44.97
1732,3,3,Mumbai,Apartment,13,0,6.77,126.15
3822,5,5,Bangalore,Apartment,19,1,6.65,238.14
877,2,3,Bangalore,Apartment,9,0,9.06,32.57
760,1,1,Mumbai,Apartment,17,1,10.49,18.49
655,1,1,Bangalore,Builder Floor,11,0,10.81,15.0
1911,3,4,Bangalore,Apartment,15,1,11.95,88.98
1399,2,3,Bangalore,Builder Floor,14,1,8.6,58.85
893,2,2,Mumbai,Builder Floor,23,1,7.66,50.28
1027,2,1,Delhi,Apartment,23,1,0.87,53.29
1034,2,2,Bangalore,Apartment,24,1,3.33,33.79
2434,4,4,Delhi,Apartment,5,0,3.88,166.35
528,1,2,Delhi,Apartment,22,0,11.98,15.0
1686,3,3,Bangalore,Apartment,8,1,9.82,78.61
3913,5,5,Bangalore,Villa,24,0,3.66,284.63
629,1,2,Bangalore,Apartment,14,0,9.39,15.0
2837,4,3,Bangalore,Villa,1,0,0.6,236.98
1778,3,4,Delhi,Villa,23,0,8.33,129.95
3245,5,6,Bangalore,Apartment,14,0,10.19,197.55
1942,3,3,Mumbai,Builder Floor,19,1,7.07,129.83
3121,5,5,Mumbai,Builder Floor,21,1,3.21,267.17
1105,2,2,Bangalore,Apartment,8,0,8.15,37.13
882,2,2,Mumbai,Apartment,19,1,4.53,53.53
2148,3,4,Mumbai,Apartment,7,1,7.03,159.1
1566,3,3,Mumbai,Apartment,3,1,5.13,128.71
3928,5,5,Mumbai,Apartment,5,1,10.99,315.25
1354,2,3,Delhi,Builder Floor,17,1,7.58,64.46
2515,4,4,Delhi,Apartment,14,0,9.92,155.18
829,1,1,Bangalore,Apartment,22,0,4.4,15.0
1219,2,2,Delhi,Apartment,20,1,8.61,50.15
884,2,3,Bangalore,Apartment,12,0,0.74,41.78
1939,3,3,Delhi,Apartment,7,1,11.2,105.03
2046,3,3,Bangalore,Apartment,6,0,10.43,103.98
518,1,1,Delhi,Builder Floor,3,1,0.25,15.0
552,1,1,Delhi,Apartment,6,1,8.42,15.0
1332,2,1,Bangalore,Apartment,16,1,3.05,62.48
697,1,1,Mumbai,Builder Floor,3,1,3.73,39.95
1566,3,3,Mumbai,Apartment,1,1,8.38,112.85
964,2,2,Bangalore,Apartment,23,1,7.6,38.14
2036,4,4,Bangalore,Villa,21,0,11.23,140.37
3246,5,5,Delhi,Builder Floor,14,1,6.79,227.98
1142,2,2,Bangalore,Apartment,16,0,3.82,46.38
1124,2,2,Delhi,Apartment,10,0,10.29,42.05
2829,4,4,Mumbai,Builder Floor,19,0,11.3,193.2
1284,3,4,Delhi,Apartment,17,1,5.38,89.56
600,1,2,Bangalore,Apartment,1,0,8.77,15.0
1193,2,2,Bangalore,Apartment,3,1,11.55,56.12
2149,3,3,Bangalore,Apartment,21,1,8.8,106.83
1216,2,3,Delhi,Villa,11,1,0.75,110.08
480,1,1,Mumbai,Villa,18,0,6.61,49.64
1393,2,2,Mumbai,Apartment,2,0,6.57,96.31
2172,3,3,Bangalore,Builder Floor,19,1,11.49,92.28
1267,2,2,Mumbai,Apartment,22,0,4.02,67.8
1161,2,2,Bangalore,Apartment,15,1,7.68,45.36
2994,4,3,Bangalore,Apartment,20,0,7.71,156.49
894,2,2,Bangalore,Apartment,9,0,6.94,32.97
1490,3,3,Mumbai,Apartment,8,1,10.02,115.32
642,1,1,Delhi,Apartment,12,1,3.86,32.83
1308,2,2,Bangalore,Apartment,8,1,6.87,51.53
1007,2,2,Mumbai,Builder Floor,20,1,0.44,66.02
584,1,1,Mumbai,Apartment,17,0,4.7,15.0
1964,3,3,Delhi,Apartment,7,1,7.14,112.67
1560,3,3,Delhi,Builder Floor,14,1,2.32,95.71
913,2,2,Delhi,Builder Floor,11,1,10.49,37.46
2031,3,3,Delhi,Villa,22,1,6.73,159.94
1943,3,2,Delhi,Apartment,11,1,7.97,123.82
1099,2,2,Delhi,Apartment,14,1,10.77,47.53
1296,3,2,Delhi,Villa,4,1,1.12,145.01
2300,4,5,Bangalore,Apartment,1,0,8.63,134.11
751,1,1,Delhi,Apartment,7,1,3.63,36.83
1202,2,2,Delhi,Apartment,21,1,5.34,58.89
1231,3,3,Mumbai,Builder Floor,20,1,5.58,87.48
1942,3,3,Mumbai,Builder Floor,10,0,5.16,141.23
1216,3,3,Bangalore,Apartment,1,1,2.03,81.08
952,2,2,Bangalore,Apartment,20,0,8.29,28.38
775,1,1,Bangalore,Apartment,11,0,3.5,25.49
1178,2,3,Bangalore,Apartment,17,0,5.46,47.2
470,1,2,Mumbai,Apartment,1,0,6.17,17.72
1821,3,4,Delhi,Builder Floor,21,0,2.55,95.24
666,1,1,Delhi,Apartment,7,1,3.24,28.29
1307,2,1,Delhi,Builder Floor,12,1,10.36,56.9
590,1,1,Bangalore,Builder Floor,9,1,2.41,15.0
1126,2,3,Delhi,Villa,24,0,0.83,101.63
1247,3,3,Mumbai,Apartment,13,0,4.29,94.49
1278,3,4,Mumbai,Apartment,22,0,7.26,82.37
1661,3,3,Delhi,Apartment,11,1,5.26,101.28
1015,2,3,Delhi,Apartment,15,0,11.22,42.8
979,2,3,Bangalore,Villa,14,1,9.33,82.67
1139,2,3,Mumbai,Villa,22,1,9.89,107.0
1292,3,2,Mumbai,Builder Floor,5,1,1.53,104.0
592,1,2,Bangalore,Builder Floor,2,0,3.85,19.55
3791,5,5,Bangalore,Apartment,19,1,4.62,230.87
572,1,2,Delhi,Apartment,6,1,8.15,26.64
800,1,1,Bangalore,Apartment,15,1,7.43,15.0
919,2,2,Mumbai,Apartment,19,1,7.43,54.12
1227,3,2,Bangalore,Apartment,9,0,7.18,77.25
1128,2,1,Mumbai,Apartment,6,0,7.39,74.44
1256,2,1,Bangalore,Builder Floor,7,1,11.97,43.59
2995,4,4,Delhi,Apartment,12,0,10.65,175.81
1118,2,2,Mumbai,Apartment,23,0,5.71,59.28
2568,4,3,Delhi,Apartment,14,0,7.65,158.72
1184,2,2,Mumbai,Apartment,4,1,5.28,85.24
1841,3,3,Mumbai,Apartment,21,1,9.6,125.6
770,1,1,Mumbai,Apartment,19,0,1.2,31.79
1759,3,3,Bangalore,Builder Floor,13,1,2.79,90.31
2613,4,5,Mumbai,Builder Floor,16,1,2.39,208.54
2207,4,5,Delhi,Apartment,22,0,7.95,132.81
4227,5,6,Mumbai,Builder Floor,17,1,8.18,327.4
944,2,3,Bangalore,Apartment,18,0,5.68,27.54
4283,5,5,Mumbai,Apartment,4,1,0.52,362.56
853,2,3,Mumbai,Apartment,11,0,3.31,55.94
740,1,2,Delhi,Apartment,23,1,3.52,19.0
938,2,1,Bangalore,Apartment,20,1,3.16,49.42
2211,4,4,Delhi,Builder Floor,13,1,7.22,148.2
704,1,1,Delhi,Apartment,8,0,4.87,18.0
1266,3,3,Mumbai,Apartment,8,1,3.2,104.0
1086,2,3,Delhi,Apartment,3,0,11.69,36.44
1215,2,2,Mumbai,Apartment,3,1,1.82,96.2
3572,5,5,Mumbai,Apartment,15,0,9.1,285.92
520,1,1,Delhi,Apartment,7,1,6.47,18.46
664,1,1,Bangalore,Apartment,20,1,2.09,19.6
1276,2,2,Bangalore,Apartment,23,1,3.2,43.62
1355,2,2,Mumbai,Apartment,12,1,3.85,90.64
450,1,2,Mumbai,Apartment,7,1,5.93,26.45
1207,3,3,Delhi,Apartment,15,1,0.36,92.87
2146,4,4,Delhi,Apartment,15,1,7.24,149.06
4082,5,5,Bangalore,Apartment,17,1,10.09,244.77
707,1,1,Delhi,Apartment,21,0,0.78,19.28
1237,2,2,Bangalore,Apartment,20,1,2.71,63.22
1685,3,3,Mumbai,Apartment,4,0,8.99,114.23
1224,3,2,Delhi,Apartment,8,1,2.36,86.07
2028,4,4,Mumbai,Builder Floor,0,0,3.02,180.92
499,1,1,Bangalore,Villa,15,1,9.09,44.85
891,2,2,Mumbai,Apartment,0,1,11.7,57.43
1307,2,3,Mumbai,Apartment,5,1,6.34,98.68
2032,4,4,Delhi,Builder Floor,21,1,0.67,142.84
665,1,1,Mumbai,Builder Floor,1,1,8.25,32.09
2148,3,3,Mumbai,Apartment,14,1,10.37,141.51
3168,4,4,Delhi,Builder Floor,2,1,5.95,202.64
2088,3,3,Delhi,Apartment,20,1,8.9,117.5
1183,2,2,Mumbai,Apartment,23,1,8.35,67.13
1128,2,2,Delhi,Apartment,2,1,5.98,57.94
767,1,1,Bangalore,Apartment,5,1,10.39,19.11
1355,2,2,Mumbai,Apartment,8,0,4.19,85.38
472,1,1,Mumbai,Apartment,7,0,4.1,15.0
2023,3,4,Delhi,Apartment,17,1,5.5,132.52
2297,4,5,Bangalore,Apartment,22,1,2.69,137.1
2617,4,5,Bangalore,Apartment,2,1,7.64,153.26
2183,3,4,Delhi,Apartment,9,0,8.75,107.57
495,1,1,Bangalore,Apartment,7,1,10.76,15.0
1907,3,3,Delhi,Apartment,2,1,0.39,124.91
877,2,2,Delhi,Apartment,5,0,4.02,49.66
510,1,1,Bangalore,Apartment,10,0,5.54,15.0
686,1,1,Bangalore,Apartment,21,1,5.32,15.0
2061,3,3,Delhi,Builder Floor,15,0,2.0,118.17
1274,2,2,Delhi,Apartment,15,1,3.61,77.88
736,1,1,Mumbai,Apartment,23,0,9.28,17.09
1518,3,2,Mumbai,Apartment,19,0,8.61,100.16
1284,2,3,Bangalore,Apartment,9,0,1.76,57.51
1289,2,1,Mumbai,Apartment,19,1,11.75,66.45
856,2,2,Mumbai,Apartment,3,0,7.6,51.97
2194,3,2,Bangalore,Apartment,3,1,8.74,111.57
1378,2,2,Delhi,Apartment,22,0,4.39,56.24
2022,3,4,Delhi,Apartment,8,1,4.79,116.24
660,1,1,Mumbai,Apartment,23,1,11.84,28.26
1395,2,1,Bangalore,Apartment,21,0,1.4,70.57
631,1,2,Mumbai,Apartment,9,1,3.41,38.51
1975,4,5,Bangalore,Apartment,2,0,5.4,124.81
843,1,2,Delhi,Builder Floor,2,1,5.86,34.96
648,1,1,Mumbai,Apartment,3,1,2.86,41.46
1978,4,4,Delhi,Builder Floor,24,1,9.29,127.26
1148,2,2,Bangalore,Apartment,16,1,7.71,52.22
1681,3,3,Mumbai,Apartment,14,1,9.38,122.25
1780,3,3,Delhi,Apartment,20,0,7.87,96.6
718,1,1,Mumbai,Apartment,7,1,10.65,31.32
1337,2,1,Delhi,Apartment,19,1,8.62,67.09
965,2,1,Delhi,Apartment,3,1,10.39,45.4
2058,3,3,Mumbai,Builder Floor,24,1,9.75,135.32
965,2,2,Delhi,Apartment,14,0,2.36,40.18
1184,2,2,Mumbai,Builder Floor,21,0,0.86,66.13
1155,2,2,Bangalore,Apartment,18,1,9.52,42.88
1835,3,3,Delhi,Apartment,4,1,9.17,110.53
1831,4,3,Mumbai,Apartment,10,1,6.01,162.45
747,1,2,Bangalore,Apartment,6,1,7.81,34.27
1156,2,3,Mumbai,Apartment,6,1,1.46,88.79
1038,2,1,Bangalore,Apartment,16,1,2.65,50.0
938,2,1,Delhi,Apartment,15,1,8.77,34.75
561,1,1,Delhi,Villa,4,1,2.53,86.28
1182,2,2,Delhi,Apartment,20,0,0.3,50.51
1272,2,1,Mumbai,Apartment,13,1,4.37,84.59
1091,2,2,Delhi,Builder Floor,18,1,1.92,47.75
3055,4,5,Mumbai,Apartment,13,0,6.14,219.1
752,1,1,Bangalore,Builder Floor,19,0,1.55,15.0
721,1,1,Mumbai,Builder Floor,14,1,0.62,42.82
1671,3,2,Delhi,Villa,2,1,10.99,140.29
673,1,1,Mumbai,Apartment,2,1,10.96,25.64
486,1,1,Delhi,Apartment,15,0,3.08,16.02
2283,4,4,Mumbai,Apartment,17,1,0.79,185.57
457,1,2,Mumbai,Apartment,6,0,11.88,15.0
629,1,1,Delhi,Villa,0,0,10.94,60.08
567,1,2,Mumbai,Apartment,11,0,6.05,15.0
2450,4,4,Bangalore,Builder Floor,6,0,7.76,129.83
1648,3,3,Bangalore,Apartment,4,0,11.05,78.17
2519,4,4,Delhi,Builder Floor,5,0,6.87,148.8
4300,5,6,Delhi,Apartment,9,1,6.08,290.33
1433,3,3,Delhi,Apartment,8,0,2.41,92.9
1688,3,3,Delhi,Apartment,0,0,11.31,92.5
1241,2,2,Bangalore,Apartment,12,0,2.32,60.84
552,1,1,Delhi,Apartment,3,1,11.79,15.0
1564,3,4,Mumbai,Villa,10,1,10.05,158.04
2592,5,5,Mumbai,Apartment,0,0,1.25,250.2
1909,3,4,Mumbai,Apartment,23,1,0.3,145.44
2299,4,4,Mumbai,Apartment,11,0,10.8,183.2
692,1,1,Bangalore,Apartment,7,0,3.46,25.06
737,1,1,Mumbai,Apartment,22,1,3.92,36.04
1197,2,2,Bangalore,Villa,1,1,10.61,95.69
1206,3,3,Delhi,Apartment,4,0,6.6,74.33
2071,4,3,Mumbai,Apartment,11,1,5.43,186.09
4055,5,5,Delhi,Apartment,9,1,1.92,279.98
1389,2,2,Bangalore,Apartment,0,0,10.59,65.07
1029,2,2,Mumbai,Apartment,22,1,0.46,71.14
620,1,1,Mumbai,Apartment,23,1,9.99,15.0
2162,3,4,Bangalore,Apartment,7,0,3.55,125.12
914,2,2,Delhi,Apartment,19,1,3.37,56.55
1150,2,2,Bangalore,Villa,9,1,1.78,113.11
699,1,1,Bangalore,Apartment,4,0,8.44,15.0
543,1,1,Delhi,Apartment,20,0,8.19,15.0
1476,3,4,Mumbai,Villa,7,1,10.84,150.14
2543,4,4,Delhi,Apartment,23,1,6.54,161.3
1576,3,3,Bangalore,Apartment,14,1,0.65,104.28
990,2,2,Mumbai,Apartment,12,1,2.85,69.32
1928,3,3,Delhi,Builder Floor,16,1,10.34,103.64
4132,5,5,Mumbai,Apartment,1,1,8.93,327.09
1478,3,3,Mumbai,Apartment,3,0,11.7,97.14
1830,4,5,Delhi,Apartment,18,1,1.86,125.2
1885,4,5,Delhi,Villa,13,0,0.93,184.68
1149,2,2,Delhi,Builder Floor,18,0,6.08,46.04
2885,4,3,Delhi,Apartment,21,1,9.68,177.53
968,2,2,Bangalore,Builder Floor,19,1,5.13,32.01
1122,2,2,Mumbai,Builder Floor,15,1,8.26,55.76
1044,2,2,Mumbai,Builder Floor,15,1,8.81,54.89
2456,4,4,Mumbai,Apartment,8,1,2.71,198.4
902,2,2,Delhi,Apartment,2,0,8.17,41.29
470,1,1,Mumbai,Apartment,6,1,7.36,15.0
2821,4,4,Bangalore,Apartment,23,0,3.52,154.45
776,1,1,Mumbai,Apartment,19,1,8.28,33.66
801,1,1,Delhi,Apartment,1,0,0.29,39.58
492,1,1,Delhi,Apartment,1,1,6.18,19.94
789,1,2,Mumbai,Builder Floor,6,1,4.04,46.7
1034,2,2,Delhi,Apartment,14,1,0.98,53.94
2156,3,4,Delhi,Builder Floor,15,1,7.07,122.43
1345,3,3,Bangalore,Apartment,20,1,9.18,63.91
561,1,1,Delhi,Apartment,19,1,0.78,15.0
1448,3,3,Bangalore,Apartment,20,1,4.12,76.1
1659,3,3,Mumbai,Builder Floor,18,0,4.74,98.92
998,2,2,Mumbai,Apartment,14,1,8.8,53.92
2708,4,5,Bangalore,Apartment,5,0,4.12,166.96
925,2,2,Mumbai,Apartment,4,1,6.81,82.91
1389,2,2,Delhi,Apartment,0,1,7.88,77.5
1127,2,2,Bangalore,Apartment,3,0,2.39,54.35
1063,2,2,Bangalore,Villa,16,0,2.22,96.24
2338,4,5,Bangalore,Apartment,22,1,8.44,131.05
547,1,1,Delhi,Apartment,19,1,3.79,15.0
1644,3,3,Mumbai,Apartment,3,1,10.86,119.34
610,1,2,Mumbai,Apartment,1,0,8.38,27.52
515,1,1,Mumbai,Apartment,22,1,7.64,15.0
612,1,1,Delhi,Apartment,3,0,8.11,15.0
537,1,1,Delhi,Apartment,23,1,0.54,17.47
645,1,1,Bangalore,Apartment,11,0,11.2,15.0
490,1,1,Delhi,Apartment,7,1,1.61,22.46
625,1,1,Mumbai,Apartment,17,1,7.35,23.97
1196,2,2,Bangalore,Apartment,6,0,5.7,47.75
475,1,2,Delhi,Apartment,2,1,1.71,16.02
658,1,2,Delhi,Apartment,1,0,9.96,27.34
2684,4,4,Bangalore,Apartment,12,1,1.52,159.38
2073,3,3,Mumbai,Villa,0,0,3.35,198.4
2191,4,4,Mumbai,Apartment,12,1,4.96,176.31
595,1,1,Bangalore,Apartment,5,1,7.84,20.52
1496,3,3,Bangalore,Apartment,16,1,3.24,92.93
867,2,2,Mumbai,Apartment,12,1,10.46,33.03
1328,2,1,Mumbai,Apartment,6,1,1.2,101.4
1386,2,2,Mumbai,Apartment,6,1,0.32,113.7
974,2,2,Bangalore,Apartment,2,1,1.07,54.68
1007,2,2,Bangalore,Apartment,3,1,1.25,55.04
608,1,1,Bangalore,Apartment,8,1,9.21,19.04
502,1,2,Delhi,Apartment,3,0,10.05,15.0
1370,2,3,Delhi,Apartment,21,0,6.63,72.14
1081,2,1,Delhi,Apartment,2,1,7.02,68.36
622,1,1,Delhi,Apartment,0,1,2.04,31.85
1379,3,2,Delhi,Apartment,20,0,9.14,73.64
3042,4,4,Delhi,Apartment,8,1,1.71,211.7
1843,4,4,Delhi,Apartment,21,1,9.58,123.14
1063,2,2,Delhi,Apartment,1,1,5.93,54.88
3581,5,5,Bangalore,Apartment,10,1,6.57,237.44
2116,3,4,Mumbai,Builder Floor,24,1,4.31,149.96
1029,2,2,Bangalore,Apartment,14,1,11.88,40.78
1302,2,2,Bangalore,Builder Floor,3,1,11.19,45.24
581,1,2,Mumbai,Apartment,24,0,9.14,15.0
1235,3,3,Mumbai,Apartment,18,0,6.73,79.68
3166,4,4,Delhi,Apartment,1,1,0.59,218.97
1032,2,2,Delhi,Apartment,2,0,0.24,61.42
996,2,2,Bangalore,Builder Floor,9,1,7.8,45.32
1175,2,2,Mumbai,Builder Floor,22,1,3.97,67.44
1390,2,2,Delhi,Apartment,14,1,7.8,67.03
1082,2,2,Bangalore,Builder Floor,15,1,10.85,41.35
1006,2,2,Delhi,Apartment,17,1,5.24,41.4
1372,3,3,Mumbai,Builder Floor,22,0,6.09,78.92
992,2,2,Delhi,Builder Floor,21,1,6.77,42.58
857,2,1,Mumbai,Apartment,22,0,4.93,50.58
1741,3,3,Delhi,Builder Floor,11,0,8.04,87.35
1154,2,3,Mumbai,Apartment,12,1,5.45,75.63
1342,2,2,Bangalore,Apartment,1,1,3.87,72.21
1009,2,3,Bangalore,Apartment,21,0,10.75,19.89
2587,4,4,Bangalore,Builder Floor,7,1,3.67,152.95
1894,3,3,Bangalore,Apartment,16,1,9.53,93.19
1075,2,3,Delhi,Apartment,12,0,7.35,42.35
1768,3,3,Delhi,Builder Floor,8,0,6.55,108.09
901,2,2,Mumbai,Apartment,12,1,5.01,62.53
768,1,2,Mumbai,Builder Floor,24,0,7.15,23.91
872,2,2,Bangalore,Builder Floor,21,0,9.38,15.0
2106,3,3,Delhi,Villa,24,1,3.62,169.15
559,1,1,Bangalore,Apartment,17,1,6.42,15.0
813,1,1,Bangalore,Apartment,10,0,10.85,15.0
1245,3,3,Delhi,Apartment,13,1,8.06,88.39
2845,4,4,Delhi,Apartment,15,1,6.0,189.6
2596,4,5,Bangalore,Apartment,4,0,6.04,149.84
2019,4,4,Mumbai,Builder Floor,24,1,8.91,162.68
2831,5,5,Bangalore,Builder Floor,13,1,3.18,190.42
938,2,3,Mumbai,Apartment,3,1,5.58,68.16
847,1,1,Bangalore,Apartment,8,0,3.63,25.53
2807,4,4,Delhi,Builder Floor,18,1,7.21,166.65
1806,3,3,Mumbai,Apartment,6,1,8.67,128.95
2188,3,4,Bangalore,Villa,11,1,8.49,144.05
2745,4,4,Mumbai,Apartment,4,1,8.68,207.4
1557,3,2,Bangalore,Apartment,21,1,8.2,75.95
747,1,1,Mumbai,Apartment,15,1,2.61,38.05
888,2,2,Delhi,Apartment,18,0,4.94,40.07
687,1,1,Bangalore,Apartment,22,1,3.09,19.83
1364,2,2,Delhi,Apartment,24,1,9.85,55.61
756,1,1,Bangalore,Apartment,21,1,6.42,15.0
4427,5,5,Delhi,Apartment,9,0,9.88,289.46
2751,4,4,Mumbai,Apartment,5,0,8.25,215.17
460,1,1,Delhi,Apartment,21,1,6.05,15.0
503,1,2,Bangalore,Apartment,5,0,7.15,15.0
522,1,1,Delhi,Apartment,3,0,10.61,15.0
1721,3,3,Mumbai,Builder Floor,24,1,6.55,121.45
933,2,2,Mumbai,Builder Floor,13,0,9.16,41.09
928,2,2,Bangalore,Apartment,17,1,11.4,32.44
671,1,2,Mumbai,Builder Floor,13,1,1.93,24.61
593,1,2,Bangalore,Builder Floor,7,1,10.93,15.0
1363,3,3,Delhi,Builder Floor,15,1,4.31,89.73
2834,4,4,Bangalore,Builder Floor,4,1,1.18,180.85
698,1,2,Mumbai,Apartment,8,0,2.95,34.75
843,1,1,Mumbai,Builder Floor,14,1,4.03,44.13
930,2,3,Delhi,Apartment,24,0,9.77,22.36
3194,4,4,Bangalore,Apartment,16,0,6.91,162.79
1117,2,3,Bangalore,Apartment,21,0,1.54,53.95
1063,2,2,Delhi,Apartment,15,1,3.47,61.87
1335,2,3,Mumbai,Apartment,4,1,9.79,81.58
581,1,1,Bangalore,Apartment,20,0,9.67,15.0
2180,4,4,Mumbai,Apartment,18,1,11.22,163.79
1837,3,2,Bangalore,Apartment,16,1,6.77,93.49
1225,2,2,Delhi,Villa,18,0,3.74,103.85
1213,2,2,Bangalore,Apartment,19,0,11.69,31.13
673,1,1,Delhi,Apartment,5,0,7.89,22.46
731,1,1,Bangalore,Apartment,19,0,6.13,15.0
606,1,1,Bangalore,Villa,1,0,6.24,60.34
2540,4,4,Bangalore,Apartment,23,1,1.67,148.85
1379,2,2,Delhi,Villa,19,0,1.74,109.79
853,2,2,Bangalore,Apartment,19,0,7.1,21.73
472,1,1,Bangalore,Villa,3,1,10.7,49.27
806,1,1,Bangalore,Apartment,9,0,11.87,15.0
1365,2,3,Mumbai,Apartment,16,1,0.57,92.63
2807,4,4,Bangalore,Apartment,12,0,3.52,157.33
679,1,1,Bangalore,Apartment,13,0,2.24,15.0
2209,4,4,Delhi,Apartment,3,1,0.9,163.65
1497,3,3,Bangalore,Apartment,20,1,9.27,76.84
1377,2,1,Delhi,Apartment,12,1,11.05,52.19
999,2,2,Bangalore,Villa,5,1,3.03,102.61
856,2,2,Delhi,Apartment,13,1,1.07,61.79
2225,4,3,Mumbai,Builder Floor,2,1,10.71,180.96
880,2,2,Delhi,Builder Floor,14,1,4.03,37.06
1288,3,3,Bangalore,Villa,21,0,6.63,104.26
1257,3,3,Delhi,Apartment,24,1,7.98,71.95
561,1,2,Delhi,Apartment,1,0,10.41,15.0
1219,2,2,Delhi,Builder Floor,18,1,0.62,73.04
985,2,2,Mumbai,Builder Floor,10,1,9.22,68.42
1776,3,3,Bangalore,Builder Floor,24,1,4.46,87.92
1083,2,3,Delhi,Apartment,8,1,1.07,70.53
3269,5,6,Bangalore,Apartment,23,0,9.39,184.37
1371,2,1,Bangalore,Apartment,0,1,3.61,85.33
2091,3,3,Mumbai,Apartment,23,1,4.06,147.09
997,2,2,Mumbai,Apartment,11,1,1.58,76.43
1215,2,2,Mumbai,Apartment,18,0,4.9,63.95
1161,2,2,Bangalore,Apartment,19,1,3.14,56.74
1082,2,2,Bangalore,Apartment,1,0,7.89,39.89
4477,5,5,Mumbai,Villa,10,1,7.76,402.42
545,1,1,Mumbai,Villa,7,0,10.23,51.33
460,1,2,Bangalore,Apartment,17,1,6.88,15.0
983,2,2,Delhi,Apartment,23,1,7.84,51.9
795,1,1,Bangalore,Apartment,10,1,11.86,15.0
1328,3,3,Bangalore,Builder Floor,8,1,8.57,69.61
2516,5,5,Delhi,Apartment,18,1,5.51,197.22
1113,2,2,Bangalore,Villa,9,1,0.74,101.5
1331,3,4,Bangalore,Apartment,20,1,1.95,83.52
1177,2,3,Bangalore,Apartment,14,0,11.25,36.3
1752,3,4,Bangalore,Apartment,5,1,5.25,95.52
1677,3,4,Bangalore,Apartment,20,1,6.98,86.02
1250,2,3,Delhi,Builder Floor,18,1,11.27,46.39
1317,2,2,Mumbai,Apartment,3,1,8.87,89.41
1708,3,3,Bangalore,Apartment,7,1,4.62,96.0
1386,3,3,Delhi,Villa,16,0,0.81,137.18
1751,3,3,Bangalore,Apartment,18,0,7.67,86.85
1396,2,3,Bangalore,Apartment,18,1,4.18,71.61
1224,3,4,Mumbai,Apartment,5,1,1.18,110.05
1310,3,3,Bangalore,Apartment,22,1,2.33,80.36
4005,5,5,Mumbai,Builder Floor,8,0,9.84,308.61
1832,4,5,Mumbai,Apartment,8,1,5.1,166.19
1149,2,3,Mumbai,Apartment,21,0,8.25,59.83
2168,4,4,Delhi,Apartment,20,0,0.68,148.94
701,1,2,Bangalore,Apartment,3,0,11.8,15.0
1948,4,5,Delhi,Apartment,24,1,11.13,129.72
1267,3,3,Bangalore,Apartment,23,0,0.34,58.27
4362,5,5,Bangalore,Builder Floor,9,0,1.14,257.85
781,1,1,Delhi,Apartment,19,1,3.38,31.28
626,1,1,Delhi,Apartment,10,1,7.92,21.07
1010,2,2,Mumbai,Apartment,0,1,1.24,82.28
1246,2,2,Delhi,Apartment,24,1,1.77,56.22
2035,3,2,Mumbai,Apartment,8,1,7.16,148.77
829,1,1,Delhi,Apartment,20,1,5.04,34.1
1733,3,3,Mumbai,Apartment,14,1,3.02,138.5
1374,2,2,Delhi,Apartment,10,1,6.17,71.95
3047,5,5,Bangalore,Apartment,14,1,3.24,209.57
2162,3,2,Bangalore,Builder Floor,10,1,5.0,122.24
2484,4,4,Bangalore,Apartment,9,1,8.51,137.95
1051,2,3,Bangalore,Apartment,23,0,1.01,31.98
468,1,1,Delhi,Builder Floor,0,0,0.46,25.27
1172,2,1,Bangalore,Apartment,2,1,4.69,66.64
2668,4,4,Mumbai,Apartment,18,1,9.04,202.78
692,1,1,Mumbai,Apartment,16,0,5.21,23.69
1399,2,1,Bangalore,Villa,19,1,7.84,101.49
1190,2,2,Delhi,Villa,8,0,7.05,100.33
2052,3,2,Delhi,Builder Floor,6,1,5.76,117.31
2194,4,4,Delhi,Apartment,6,1,6.99,153.37
1233,2,3,Delhi,Apartment,14,1,11.11,56.22
1287,2,2,Delhi,Builder Floor,13,0,11.54,46.47
2087,3,4,Delhi,Villa,16,1,0.41,161.78
1098,2,2,Delhi,Apartment,19,1,11.9,37.37
1089,2,1,Mumbai,Builder Floor,24,1,11.03,47.42
599,1,1,Bangalore,Apartment,10,0,0.22,15.24
691,1,1,Delhi,Builder Floor,2,1,11.96,15.0
1146,2,2,Delhi,Apartment,15,1,6.61,53.3
1648,3,2,Delhi,Apartment,3,1,10.26,102.42
2654,5,5,Mumbai,Apartment,3,1,11.85,237.58
1266,2,2,Mumbai,Apartment,5,1,11.57,90.28
3982,5,5,Delhi,Apartment,23,1,2.94,278.28
1323,3,3,Bangalore,Builder Floor,10,1,7.06,75.06
1031,2,1,Bangalore,Apartment,5,1,3.4,54.78
1694,3,2,Bangalore,Apartment,19,1,9.96,86.32
1574,3,3,Delhi,Builder Floor,9,1,7.24,89.16
593,1,1,Bangalore,Apartment,22,1,6.92,15.4
837,1,1,Mumbai,Apartment,10,1,10.06,45.18
2119,3,3,Mumbai,Apartment,1,1,8.68,146.75
3730,5,5,Mumbai,Apartment,5,1,9.08,315.24
2123,4,4,Mumbai,Apartment,17,0,4.86,170.89
1186,2,2,Delhi,Apartment,15,0,2.51,62.8
544,1,1,Bangalore,Apartment,13,0,5.81,15.0
2189,3,4,Delhi,Apartment,15,1,8.95,113.93
1263,2,3,Delhi,Apartment,18,0,2.94,48.36
912,2,2,Mumbai,Builder Floor,4,1,5.82,56.72
1242,2,2,Bangalore,Builder Floor,11,0,7.73,41.28
1248,2,2,Delhi,Apartment,1,1,2.53,83.44
538,1,1,Delhi,Builder Floor,11,1,10.55,15.0
1990,3,3,Mumbai,Apartment,7,1,10.81,132.39
1081,2,2,Bangalore,Apartment,16,1,9.1,44.02
1218,3,4,Mumbai,Villa,2,0,11.65,136.44
788,1,2,Delhi,Apartment,3,1,4.49,34.78
919,2,2,Bangalore,Apartment,21,1,11.47,18.39
523,1,1,Delhi,Apartment,6,0,2.18,19.5
2048,3,3,Delhi,Villa,8,1,5.38,176.21
2081,3,4,Bangalore,Apartment,5,1,6.32,118.54
1268,2,3,Delhi,Apartment,15,1,2.61,54.88
1254,2,1,Delhi,Apartment,19,0,10.91,45.19
2000,4,4,Bangalore,Builder Floor,14,0,10.29,108.48
2892,4,3,Mumbai,Apartment,13,0,9.27,213.4
3064,4,4,Bangalore,Apartment,24,1,11.93,162.69
828,1,1,Delhi,Villa,6,1,10.59,77.02
907,2,2,Mumbai,Builder Floor,20,1,8.11,43.08
812,1,1,Mumbai,Apartment,19,1,2.04,45.81
4462,5,5,Mumbai,Villa,16,1,5.24,403.59
1131,2,3,Delhi,Apartment,4,1,10.25,63.48
1553,3,3,Delhi,Apartment,20,1,3.57,85.73
1026,2,3,Bangalore,Apartment,2,0,10.79,38.14
1895,4,3,Mumbai,Villa,13,1,4.11,211.33
1911,4,4,Mumbai,Apartment,22,1,10.79,143.05
1332,2,2,Delhi,Apartment,22,0,5.55,52.5
1318,2,2,Bangalore,Villa,6,1,5.43,111.57
1406,3,4,Bangalore,Builder Floor,20,1,9.46,59.19
2107,3,4,Bangalore,Builder Floor,1,0,2.58,113.69
1814,3,3,Delhi,Apartment,22,0,8.47,95.89
2062,3,3,Bangalore,Villa,2,1,8.42,158.96
1119,2,1,Delhi,Villa,15,1,4.39,97.39
2517,4,5,Delhi,Villa,5,0,10.7,202.19
1090,2,2,Delhi,Apartment,22,0,2.71,43.5
1111,2,3,Delhi,Apartment,22,1,10.42,46.14
1384,3,3,Bangalore,Apartment,0,1,6.24,85.0
1365,3,2,Mumbai,Builder Floor,3,1,7.95,99.28
819,1,2,Bangalore,Builder Floor,4,0,6.65,15.0
1389,2,3,Mumbai,Apartment,16,1,1.44,96.21
1280,2,2,Mumbai,Apartment,12,1,10.99,76.38
746,1,1,Delhi,Apartment,13,1,5.99,23.46
3242,5,4,Bangalore,Apartment,24,0,11.11,189.41
1992,3,4,Delhi,Apartment,21,1,4.38,106.18
1827,3,3,Bangalore,Apartment,2,1,11.01,102.03
1260,3,3,Delhi,Apartment,19,1,9.57,73.07
596,1,2,Bangalore,Builder Floor,17,1,11.22,15.0
915,2,1,Bangalore,Apartment,23,0,3.57,25.57
661,1,1,Delhi,Apartment,19,0,6.03,23.31
996,2,2,Delhi,Apartment,2,0,9.06,49.91
1372,2,2,Mumbai,Apartment,15,1,2.83,98.67
1351,2,1,Delhi,Villa,20,1,8.46,114.94
2210,4,4,Bangalore,Apartment,20,1,1.94,146.22
921,2,2,Mumbai,Apartment,14,1,2.33,61.97
3937,5,6,Delhi,Builder Floor,1,1,4.41,276.6
859,2,2,Mumbai,Apartment,6,0,0.25,52.77
1839,3,3,Mumbai,Apartment,5,1,3.8,140.43
585,1,1,Delhi,Apartment,16,0,5.8,15.0
912,2,2,Delhi,Builder Floor,13,1,1.36,48.35
1229,2,2,Bangalore,Apartment,11,0,6.38,58.24
1940,4,4,Bangalore,Apartment,11,0,9.07,111.93
480,1,2,Delhi,Apartment,2,1,0.56,30.43
4006,5,4,Delhi,Apartment,10,1,10.86,272.16
1596,3,3,Mumbai,Apartment,0,1,8.03,132.99
4116,5,5,Delhi,Builder Floor,24,0,4.92,259.47
1144,2,2,Mumbai,Apartment,24,1,2.33,61.59
1236,2,2,Delhi,Apartment,10,1,9.17,54.54
2042,3,3,Bangalore,Apartment,14,1,0.96,122.21
1841,3,3,Delhi,Apartment,15,1,9.0,105.3
1210,2,2,Bangalore,Apartment,11,0,3.26,38.73
1071,2,2,Delhi,Apartment,9,0,5.71,42.55
1189,2,1,Delhi,Apartment,16,0,4.54,64.13
1756,3,2,Mumbai,Apartment,21,1,0.21,131.52
1206,3,4,Mumbai,Apartment,1,1,8.76,102.31
1084,2,1,Delhi,Apartment,7,1,11.35,51.15
963,2,2,Mumbai,Apartment,15,1,2.77,62.05
1151,2,2,Mumbai,Apartment,5,1,3.23,88.11
2011,3,3,Mumbai,Apartment,0,1,7.77,138.93
862,2,2,Delhi,Apartment,4,0,9.7,47.24
1222,2,2,Bangalore,Apartment,9,0,1.09,53.31
1355,2,1,Delhi,Apartment,13,1,4.24,77.4
627,1,1,Mumbai,Apartment,21,0,7.22,15.0
1974,3,3,Mumbai,Builder Floor,11,1,10.41,136.57
1668,3,3,Bangalore,Apartment,1,1,1.51,108.62
1203,2,2,Delhi,Apartment,24,0,5.98,47.09
1213,2,2,Mumbai,Apartment,9,1,6.75,73.68
2659,5,5,Delhi,Builder Floor,9,0,10.48,174.64
1399,2,1,Bangalore,Apartment,11,0,9.13,54.96
3999,5,5,Mumbai,Apartment,18,1,6.51,321.09
3120,4,4,Delhi,Apartment,15,1,5.52,183.07
1271,3,3,Bangalore,Apartment,24,1,0.97,78.89
826,1,1,Bangalore,Apartment,19,0,8.6,15.0
4105,5,5,Delhi,Apartment,13,1,6.36,280.2
771,1,2,Bangalore,Builder Floor,20,1,7.47,15.0
2757,5,5,Delhi,Villa,0,1,11.19,254.6
536,1,1,Mumbai,Apartment,14,1,5.86,26.1
1034,2,2,Delhi,Apartment,23,1,5.87,45.63
665,1,1,Bangalore,Apartment,4,0,7.4,15.0
719,1,1,Delhi,Apartment,17,1,10.09,15.0
1244,2,3,Bangalore,Apartment,17,1,8.61,56.06
1320,2,2,Mumbai,Apartment,24,0,3.11,83.66
727,1,2,Bangalore,Apartment,5,1,9.55,19.91
1123,2,2,Delhi,Apartment,12,1,3.17,69.83
761,1,1,Bangalore,Apartment,15,1,6.73,22.68
2168,3,4,Bangalore,Apartment,17,1,10.79,110.34
1618,3,2,Delhi,Villa,13,0,8.79,122.8
2711,4,4,Delhi,Apartment,4,0,7.9,175.64
1319,2,3,Bangalore,Apartment,8,1,6.07,68.56
1385,3,3,Bangalore,Apartment,7,0,6.18,71.38
946,2,2,Mumbai,Builder Floor,12,1,4.54,56.85
2117,3,3,Mumbai,Apartment,9,1,9.85,149.08
2284,4,5,Mumbai,Apartment,10,1,7.81,190.39
2037,3,3,Bangalore,Apartment,4,1,1.74,122.67
587,1,1,Delhi,Apartment,18,0,6.37,15.0
3864,5,5,Bangalore,Apartment,5,1,2.47,260.73
615,1,1,Delhi,Apartment,17,0,10.91,15.0
3035,4,5,Mumbai,Apartment,12,1,8.23,233.58
1956,3,2,Bangalore,Villa,2,0,5.93,138.97
1189,2,3,Mumbai,Apartment,16,1,9.33,67.52
878,2,3,Delhi,Villa,19,1,11.98,71.71
635,1,1,Delhi,Villa,5,1,5.12,84.66
1581,3,3,Bangalore,Apartment,21,0,11.88,62.41
885,2,2,Bangalore,Apartment,10,0,1.32,49.89
1761,3,4,Mumbai,Apartment,6,1,10.25,125.11
1323,2,2,Delhi,Apartment,22,1,8.57,54.6
2147,3,3,Delhi,Builder Floor,5,0,0.82,123.41
1366,2,2,Delhi,Builder Floor,6,0,4.1,71.69
2168,3,2,Delhi,Apartment,12,1,4.32,127.89
552,1,1,Mumbai,Apartment,12,1,9.98,15.0
760,1,2,Delhi,Apartment,24,1,4.2,15.0
3094,5,5,Delhi,Apartment,11,0,7.65,226.65
1112,2,2,Delhi,Apartment,7,1,0.5,61.27
1374,3,3,Delhi,Apartment,5,0,6.0,90.59
1789,3,3,Bangalore,Apartment,9,0,10.58,82.49
2127,3,2,Bangalore,Builder Floor,13,1,2.91,110.12
949,2,2,Mumbai,Apartment,16,1,2.77,72.97
1196,2,2,Bangalore,Apartment,13,1,2.96,50.78
925,2,3,Delhi,Villa,13,1,4.23,94.01
1218,2,3,Bangalore,Apartment,14,1,7.44,40.66
513,1,1,Delhi,Villa,13,1,1.26,73.03
3215,5,5,Delhi,Apartment,20,1,4.99,232.68
2972,5,4,Delhi,Apartment,2,0,5.59,224.94
2149,3,3,Bangalore,Builder Floor,10,0,4.14,102.07
1350,3,3,Mumbai,Apartment,23,1,11.31,85.55
1502,3,3,Delhi,Apartment,12,1,0.45,107.78
3005,4,5,Delhi,Villa,20,0,1.61,227.53
597,1,1,Bangalore,Builder Floor,17,1,3.38,15.0
554,1,2,Bangalore,Apartment,16,0,4.03,15.0
1211,2,2,Delhi,Apartment,18,0,0.89,61.53
1283,3,4,Bangalore,Apartment,2,1,4.59,71.73
862,2,2,Delhi,Apartment,17,1,6.47,48.15
906,2,2,Bangalore,Apartment,22,1,1.56,22.36
682,1,1,Mumbai,Apartment,20,0,0.62,24.35
1682,3,3,Mumbai,Apartment,6,1,2.36,135.23
488,1,1,Mumbai,Apartment,5,0,0.25,36.35
812,1,1,Mumbai,Apartment,10,1,8.95,39.46
1687,3,3,Bangalore,Apartment,18,1,10.54,72.03
1146,2,2,Delhi,Builder Floor,23,1,11.89,31.03
2049,4,5,Delhi,Apartment,10,0,5.82,142.58
2060,3,4,Mumbai,Apartment,18,1,10.05,145.11
1431,3,3,Bangalore,Apartment,10,1,11.41,80.83
1932,3,3,Bangalore,Apartment,23,1,5.5,98.69
1878,4,5,Delhi,Builder Floor,22,0,9.75,114.69
1838,3,3,Bangalore,Apartment,5,0,6.78,92.61
489,1,2,Bangalore,Apartment,15,0,8.08,15.0
3076,4,4,Mumbai,Apartment,13,1,1.72,231.55
1168,2,3,Mumbai,Builder Floor,2,1,4.32,79.27
1014,2,3,Bangalore,Apartment,3,1,6.49,44.45
765,1,2,Bangalore,Apartment,17,1,9.06,15.0
764,1,1,Mumbai,Builder Floor,15,1,5.64,36.97
2149,4,4,Bangalore,Apartment,8,0,11.76,117.73
1368,2,3,Bangalore,Builder Floor,17,1,9.5,44.32
746,1,2,Delhi,Apartment,5,0,4.16,18.47
2708,4,3,Bangalore,Apartment,8,1,4.06,173.41
2846,4,4,Delhi,Apartment,20,1,8.62,179.88
1015,2,2,Bangalore,Apartment,12,1,9.44,41.19
1140,2,2,Bangalore,Apartment,16,1,8.34,43.85
1178,2,2,Delhi,Apartment,5,1,11.05,57.29
1988,3,2,Mumbai,Apartment,11,0,10.98,130.11
2192,3,3,Mumbai,Apartment,7,1,7.66,171.61
1140,2,3,Bangalore,Apartment,11,0,4.51,44.33
1007,2,2,Mumbai,Apartment,12,0,2.89,58.52
1903,3,4,Bangalore,Builder Floor,20,0,5.94,81.51
1830,3,3,Bangalore,Apartment,15,1,8.94,92.61
1245,2,1,Mumbai,Villa,8,0,9.37,112.38
1345,3,2,Mumbai,Apartment,11,0,2.7,104.38
1091,2,3,Delhi,Apartment,11,1,8.69,49.13
2907,5,4,Bangalore,Apartment,4,1,9.5,192.59
1732,3,3,Delhi,Apartment,4,1,2.79,116.99
1396,2,2,Delhi,Apartment,1,1,11.44,69.64
2411,4,3,Mumbai,Villa,12,1,1.75,242.53
1105,2,2,Bangalore,Villa,23,1,0.9,98.68
1861,3,3,Mumbai,Apartment,5,0,1.21,139.91
2700,4,4,Mumbai,Apartment,1,1,10.34,211.0
2139,3,3,Bangalore,Apartment,16,1,10.67,97.15
533,1,1,Bangalore,Apartment,11,1,8.98,15.0
2047,3,4,Mumbai,Builder Floor,8,1,10.28,136.66
1819,3,3,Bangalore,Villa,7,1,9.31,141.23
512,1,1,Bangalore,Apartment,12,1,8.11,15.0
2676,4,4,Bangalore,Apartment,4,1,3.98,170.07
2137,3,2,Bangalore,Apartment,2,1,10.01,117.77
2196,3,2,Bangalore,Apartment,5,1,6.51,119.5
742,1,1,Delhi,Apartment,17,1,6.53,31.32
817,1,1,Delhi,Apartment,1,0,9.62,24.5
548,1,1,Mumbai,Apartment,19,0,10.31,15.0
666,1,2,Bangalore,Apartment,0,0,0.54,33.0
2076,3,3,Mumbai,Apartment,18,1,4.61,145.18
691,1,1,Mumbai,Apartment,22,1,6.2,21.35
1164,2,2,Mumbai,Apartment,24,1,3.06,71.27
472,1,1,Bangalore,Apartment,12,0,0.53,15.77
836,1,1,Mumbai,Apartment,20,1,6.09,41.17
1291,3,4,Mumbai,Villa,20,0,11.06,119.08
1967,3,4,Delhi,Apartment,8,1,10.88,109.1
1196,2,2,Bangalore,Builder Floor,3,1,11.89,45.79
886,2,2,Delhi,Apartment,11,1,1.95,63.45
1765,3,3,Bangalore,Villa,17,1,8.06,124.93
1260,3,3,Bangalore,Apartment,22,1,6.67,62.29
462,1,1,Bangalore,Builder Floor,16,1,5.97,15.0
1074,2,3,Delhi,Builder Floor,3,1,10.17,47.92
1668,3,3,Mumbai,Apartment,13,0,11.76,110.6
781,1,2,Mumbai,Builder Floor,7,0,3.92,33.12
1033,2,2,Delhi,Apartment,16,1,8.06,45.1
859,2,2,Delhi,Apartment,21,1,11.93,25.33
2062,3,3,Bangalore,Apartment,15,1,1.58,119.41
1942,3,3,Bangalore,Apartment,13,0,8.75,95.35
1752,3,3,Bangalore,Apartment,12,0,3.98,87.12
1730,3,3,Mumbai,Apartment,15,1,11.94,119.35
2014,3,3,Bangalore,Apartment,11,1,3.49,116.93
2112,3,3,Bangalore,Villa,23,1,2.22,144.33
924,2,2,Mumbai,Apartment,4,1,9.34,64.92
1088,2,2,Delhi,Builder Floor,6,1,2.11,62.24
1286,3,4,Mumbai,Builder Floor,9,1,3.79,94.79
885,2,2,Delhi,Apartment,13,1,0.54,60.99
995,2,3,Delhi,Apartment,7,1,1.87,54.92
3616,5,5,Bangalore,Apartment,18,1,9.16,215.63
4003,5,6,Delhi,Apartment,19,0,0.55,277.5
819,1,2,Bangalore,Builder Floor,24,1,5.57,15.0
583,1,1,Mumbai,Builder Floor,21,1,10.3,15.0
1151,2,1,Mumbai,Apartment,20,1,1.87,75.29
1040,2,1,Mumbai,Apartment,12,1,9.25,66.53
1197,2,2,Delhi,Builder Floor,2,1,4.25,61.86
2681,5,6,Mumbai,Apartment,1,1,9.77,245.45
630,1,2,Mumbai,Builder Floor,7,1,11.78,27.84
690,1,1,Bangalore,Apartment,18,1,3.09,21.22
1295,2,2,Delhi,Apartment,21,0,11.01,48.97
1328,2,3,Bangalore,Builder Floor,19,0,6.83,52.57
1147,2,1,Bangalore,Builder Floor,17,0,1.78,40.32
787,1,1,Bangalore,Builder Floor,18,1,7.17,15.42
594,1,2,Mumbai,Apartment,21,1,9.04,15.0
926,2,3,Mumbai,Builder Floor,7,1,1.25,64.5
668,1,2,Mumbai,Apartment,7,1,11.87,18.64
1930,3,2,Bangalore,Apartment,9,1,1.7,108.86
1247,2,1,Delhi,Builder Floor,23,1,7.62,44.13
1355,2,2,Bangalore,Apartment,4,0,1.04,67.04
845,1,2,Bangalore,Apartment,19,1,8.19,15.0
1737,3,3,Delhi,Apartment,16,1,3.89,101.19
1839,3,2,Delhi,Villa,15,1,3.15,166.31
3568,5,5,Mumbai,Apartment,8,0,9.19,296.27
2009,3,3,Bangalore,Apartment,10,0,8.67,90.27
3060,4,4,Delhi,Apartment,1,0,9.0,195.79
660,1,1,Mumbai,Apartment,1,0,9.32,21.68
1396,2,2,Delhi,Apartment,17,1,2.8,72.73
745,1,1,Delhi,Apartment,4,1,11.3,26.76
1015,2,2,Mumbai,Apartment,16,0,8.07,46.76
1315,2,3,Bangalore,Builder Floor,0,0,5.38,57.65
1241,3,3,Mumbai,Apartment,21,0,8.9,91.91
712,1,1,Mumbai,Apartment,18,1,1.0,47.99
816,1,1,Mumbai,Builder Floor,9,1,1.83,45.07
1377,2,2,Mumbai,Builder Floor,16,1,8.71,77.04
708,1,1,Bangalore,Apartment,3,1,11.32,20.05
987,2,2,Mumbai,Apartment,12,1,5.92,74.19
840,1,2,Delhi,Apartment,9,1,7.71,23.66
1312,2,2,Delhi,Villa,10,1,4.77,119.52
1627,3,3,Mumbai,Apartment,2,1,10.6,114.65
845,1,1,Delhi,Builder Floor,4,1,7.89,34.5
462,1,1,Mumbai,Villa,16,0,0.47,66.65
2182,4,4,Mumbai,Apartment,13,1,2.61,191.26
484,1,1,Bangalore,Apartment,6,0,10.65,15.0
867,2,2,Bangalore,Builder Floor,10,0,2.13,43.01
3059,4,4,Mumbai,Apartment,3,1,1.73,251.95
2701,4,4,Bangalore,Apartment,22,0,8.95,144.48
891,2,2,Mumbai,Apartment,18,0,10.06,45.04
3776,5,6,Mumbai,Apartment,16,0,2.86,303.8
720,1,2,Delhi,Apartment,3,1,6.28,23.54
1335,3,3,Mumbai,Villa,15,1,7.8,151.08
686,1,1,Delhi,Apartment,18,0,11.9,15.0
951,2,3,Mumbai,Apartment,0,0,9.63,55.61
990,2,2,Mumbai,Builder Floor,14,0,5.01,57.33
1215,2,2,Delhi,Apartment,5,1,7.57,64.03
940,2,2,Delhi,Apartment,20,1,3.46,54.56
719,1,2,Bangalore,Builder Floor,16,1,8.69,15.0
776,1,2,Delhi,Apartment,18,0,7.73,15.0
1866,3,3,Delhi,Villa,24,1,6.73,153.36
1302,3,3,Delhi,Builder Floor,22,0,3.62,79.37
792,1,2,Mumbai,Apartment,15,1,0.81,47.87
1272,3,3,Bangalore,Builder Floor,0,0,9.66,62.5
674,1,1,Delhi,Apartment,22,0,5.58,15.0
1310,2,2,Mumbai,Apartment,10,1,4.74,97.47
2116,3,3,Delhi,Villa,16,1,8.61,166.46
990,2,2,Bangalore,Villa,6,1,1.83,115.31
1572,3,4,Mumbai,Villa,5,1,9.19,154.32
4394,5,5,Mumbai,Apartment,5,1,7.78,349.64
3191,4,5,Bangalore,Apartment,17,1,0.67,187.62
2955,4,4,Mumbai,Builder Floor,0,1,2.26,234.0
974,2,2,Mumbai,Builder Floor,22,1,1.84,55.87
2714,4,4,Delhi,Apartment,6,1,11.42,183.37
937,2,2,Bangalore,Builder Floor,9,1,5.3,40.92
1266,2,2,Delhi,Apartment,8,1,11.96,61.96
1818,3,4,Delhi,Apartment,14,0,10.05,101.59
1136,2,2,Delhi,Apartment,10,1,2.11,55.72
1056,2,3,Delhi,Apartment,21,0,11.76,35.95
476,1,2,Bangalore,Apartment,12,1,7.05,15.0
2102,3,3,Mumbai,Villa,8,1,10.0,197.27
3157,4,3,Delhi,Builder Floor,20,1,11.73,177.9
1905,4,5,Delhi,Apartment,23,1,1.72,136.79
712,1,2,Delhi,Apartment,20,1,1.09,33.02
1558,3,4,Bangalore,Apartment,7,0,5.3,84.83
521,1,2,Delhi,Apartment,6,1,2.12,20.37
1523,3,4,Bangalore,Apartment,20,1,2.91,80.11
3116,4,4,Mumbai,Builder Floor,1,0,10.26,222.97
1266,2,1,Bangalore,Builder Floor,13,0,0.66,61.34
1105,2,2,Delhi,Apartment,17,0,9.06,42.67
2677,4,4,Bangalore,Apartment,11,1,8.49,162.74
1153,2,3,Bangalore,Apartment,6,1,11.95,49.22
876,2,2,Bangalore,Apartment,12,0,5.64,37.17
521,1,1,Delhi,Apartment,1,0,6.91,15.0
1171,2,3,Delhi,Apartment,4,1,11.53,57.06
902,2,2,Delhi,Apartment,18,0,5.43,39.08
464,1,1,Mumbai,Builder Floor,10,0,4.49,15.0
830,1,2,Bangalore,Apartment,7,0,2.8,31.88
1069,2,2,Bangalore,Apartment,5,1,5.39,53.18
1341,2,2,Bangalore,Builder Floor,20,1,0.9,66.27
1935,3,4,Bangalore,Apartment,0,1,4.91,106.46
1168,2,1,Mumbai,Builder Floor,8,1,9.65,73.05
1635,3,4,Mumbai,Apartment,1,0,7.15,112.84
1919,3,4,Bangalore,Apartment,15,1,6.92,100.8
708,1,2,Mumbai,Apartment,11,1,4.42,24.94
1511,3,3,Delhi,Apartment,8,0,3.86,88.76
630,1,1,Bangalore,Apartment,3,1,10.76,15.0
992,2,2,Bangalore,Apartment,12,0,11.12,24.42
1230,2,2,Mumbai,Apartment,8,1,3.53,91.17
1871,4,4,Mumbai,Apartment,10,1,2.51,173.31
1849,3,2,Mumbai,Apartment,3,1,11.19,132.22
1637,3,4,Mumbai,Apartment,1,1,1.6,134.91
2921,4,4,Delhi,Villa,21,1,5.89,221.78
2139,4,4,Delhi,Builder Floor,9,0,0.8,150.54
1121,2,3,Mumbai,Apartment,14,1,9.07,64.28
825,1,1,Bangalore,Apartment,12,1,6.96,22.26
2139,3,3,Bangalore,Apartment,0,1,4.71,114.12
1383,3,3,Bangalore,Apartment,1,1,3.73,94.86
1018,2,2,Bangalore,Apartment,23,1,3.64,41.93
2074,3,3,Delhi,Apartment,15,1,8.8,115.98
938,2,2,Mumbai,Apartment,1,1,2.88,74.43
3148,4,5,Mumbai,Apartment,18,1,10.82,228.52
1695,3,3,Mumbai,Apartment,6,1,4.54,141.19
459,1,2,Bangalore,Builder Floor,22,1,5.98,15.0
1103,2,3,Mumbai,Apartment,5,1,8.04,76.05
586,1,1,Delhi,Apartment,21,0,2.82,15.0
1311,3,2,Delhi,Builder Floor,21,1,5.04,72.42
1230,2,3,Bangalore,Apartment,21,1,11.36,31.76
505,1,1,Delhi,Apartment,6,1,11.74,15.0
1384,2,3,Delhi,Apartment,4,0,1.63,79.05
1313,2,2,Mumbai,Apartment,20,1,1.69,78.99
1814,3,3,Bangalore,Apartment,24,1,5.36,110.49
1252,3,3,Bangalore,Apartment,12,1,6.53,70.97
2691,4,3,Delhi,Villa,4,1,1.15,228.06
710,1,2,Delhi,Apartment,16,0,6.35,15.0
1043,2,3,Bangalore,Apartment,14,0,4.06,36.77
2134,3,4,Mumbai,Builder Floor,22,1,2.17,148.6
1332,2,1,Delhi,Apartment,14,0,8.33,68.13
2818,4,4,Bangalore,Apartment,11,1,0.91,179.13
1682,3,3,Mumbai,Apartment,4,0,11.37,129.65
853,2,2,Bangalore,Villa,21,1,0.55,84.54
670,1,2,Mumbai,Builder Floor,4,1,3.93,34.67
1997,3,2,Bangalore,Apartment,0,1,4.78,119.85
2405,4,5,Bangalore,Apartment,6,1,3.4,155.14
1296,2,2,Mumbai,Builder Floor,2,0,5.79,72.29
1184,2,1,Delhi,Apartment,16,0,0.32,53.07
840,1,1,Delhi,Apartment,16,0,7.03,16.11
1561,3,3,Delhi,Builder Floor,6,1,10.96,82.9
556,1,1,Mumbai,Apartment,6,0,4.4,26.24
1121,2,1,Mumbai,Villa,5,1,0.94,136.63
692,1,1,Bangalore,Builder Floor,17,1,6.99,15.0
719,1,1,Delhi,Apartment,4,1,10.74,22.14
1170,2,1,Delhi,Apartment,6,0,1.23,59.71
861,2,3,Delhi,Apartment,2,1,1.29,58.45
833,1,2,Bangalore,Apartment,24,1,8.85,15.0
2099,3,3,Mumbai,Builder Floor,4,1,3.38,162.84
2090,3,4,Delhi,Apartment,16,0,6.37,108.26
1281,2,2,Bangalore,Builder Floor,19,1,2.93,52.01
1976,3,3,Bangalore,Builder Floor,0,1,6.24,101.17
4194,5,5,Delhi,Apartment,21,1,2.13,280.15
2195,3,3,Delhi,Builder Floor,2,1,10.45,129.01
2775,4,5,Bangalore,Apartment,11,0,2.02,158.52
1612,3,4,Mumbai,Apartment,5,0,11.4,115.3
1250,3,4,Bangalore,Villa,20,0,2.07,107.8
2757,5,5,Bangalore,Builder Floor,22,1,5.89,180.26
2734,5,5,Bangalore,Apartment,0,1,0.59,202.18
2671,4,4,Delhi,Apartment,1,0,11.38,159.3
2580,5,5,Mumbai,Apartment,21,0,0.46,234.03
835,1,1,Bangalore,Apartment,18,1,8.6,15.0
1349,3,2,Bangalore,Apartment,12,1,1.37,82.06
1018,2,2,Mumbai,Villa,20,1,9.51,104.17
1934,3,4,Mumbai,Apartment,2,0,10.97,144.81
2023,3,2,Delhi,Apartment,23,0,8.62,91.11
716,1,1,Delhi,Apartment,21,1,9.63,15.0
1514,3,3,Delhi,Apartment,0,1,9.56,89.07
1203,2,2,Bangalore,Villa,22,1,6.86,87.58
1641,3,3,Bangalore,Apartment,0,0,10.89,82.95
1082,2,2,Delhi,Apartment,24,1,7.89,55.42
1358,2,2,Mumbai,Apartment,6,0,4.42,88.41
4215,5,4,Bangalore,Apartment,14,1,6.8,258.11
3030,5,4,Delhi,Apartment,4,0,0.94,233.22
936,2,2,Bangalore,Apartment,19,1,10.23,22.01
814,1,1,Mumbai,Apartment,20,1,10.37,30.96
3161,5,5,Delhi,Apartment,9,1,10.64,217.88
1228,2,2,Delhi,Villa,24,1,10.19,102.19
480,1,1,Delhi,Apartment,10,0,10.47,15.0
2691,4,4,Bangalore,Apartment,1,1,3.85,167.07
622,1,1,Mumbai,Apartment,16,0,5.88,25.29
1241,3,3,Mumbai,Apartment,13,0,4.82,89.62
577,1,1,Bangalore,Apartment,16,0,10.56,15.0
1368,2,2,Mumbai,Villa,17,1,9.46,125.54
1044,2,2,Delhi,Apartment,6,1,5.2,59.85
4259,5,5,Bangalore,Apartment,22,1,4.59,250.4
1475,3,4,Bangalore,Builder Floor,3,0,3.57,72.35
1232,2,3,Bangalore,Apartment,24,0,2.81,49.07
3199,4,4,Bangalore,Apartment,5,1,6.97,185.31
944,2,2,Delhi,Apartment,13,1,5.68,48.9
926,2,3,Delhi,Apartment,3,0,3.32,53.49
1890,3,3,Mumbai,Builder Floor,24,0,5.16,119.14
1798,3,3,Delhi,Builder Floor,19,0,8.08,77.46
1297,2,2,Delhi,Apartment,8,1,10.79,57.66
1336,2,3,Delhi,Villa,17,0,3.49,112.18
780,1,1,Bangalore,Apartment,19,1,8.44,19.57
828,1,1,Bangalore,Apartment,13,1,7.39,29.18
1203,2,2,Bangalore,Villa,2,0,6.7,101.84
3991,5,5,Mumbai,Apartment,7,0,7.26,323.48
1083,2,3,Mumbai,Villa,3,1,3.18,122.45
986,2,3,Mumbai,Apartment,6,1,3.47,70.77
2091,3,3,Bangalore,Apartment,17,1,6.88,99.71
544,1,1,Mumbai,Apartment,3,0,0.69,35.13
2034,4,3,Mumbai,Apartment,21,1,0.98,166.87
2727,4,3,Mumbai,Apartment,4,1,9.17,217.21
593,1,1,Mumbai,Builder Floor,21,1,3.09,15.0
924,2,1,Delhi,Apartment,13,1,3.99,52.87
953,2,2,Mumbai,Apartment,0,0,1.02,79.93
2689,4,4,Mumbai,Apartment,24,1,5.86,210.74
1145,2,2,Delhi,Apartment,10,1,2.72,57.24
1269,2,2,Bangalore,Apartment,23,1,0.63,57.53
1083,2,2,Bangalore,Apartment,7,0,4.44,56.75
3083,5,5,Bangalore,Apartment,15,1,8.33,203.84
2016,3,3,Mumbai,Builder Floor,6,0,4.26,139.95
816,1,1,Delhi,Builder Floor,15,0,9.4,15.0
830,1,1,Delhi,Apartment,11,1,11.42,25.63
738,1,1,Delhi,Apartment,17,1,10.58,15.0
1165,2,2,Delhi,Villa,24,0,10.95,77.87
973,2,2,Delhi,Apartment,14,1,10.11,45.16
885,2,2,Bangalore,Apartment,20,1,8.58,30.91
524,1,1,Delhi,Villa,4,1,0.94,75.0
1882,3,2,Mumbai,Apartment,14,1,6.82,133.72
451,1,1,Bangalore,Apartment,6,0,8.74,15.0
2114,3,3,Mumbai,Apartment,11,0,4.47,147.92
1904,3,3,Mumbai,Apartment,11,1,8.27,122.94
1086,2,1,Mumbai,Builder Floor,17,1,6.24,51.86
474,1,1,Bangalore,Builder Floor,10,1,6.52,16.65
670,1,1,Bangalore,Builder Floor,4,1,2.95,23.41
470,1,2,Bangalore,Apartment,1,1,8.48,15.0
1492,3,3,Delhi,Apartment,17,1,10.92,79.05
2195,3,4,Delhi,Apartment,22,1,1.3,134.43
1816,4,5,Mumbai,Builder Floor,2,1,11.34,145.15
1530,3,3,Delhi,Apartment,12,1,11.66,77.58
778,1,1,Mumbai,Apartment,5,0,0.68,38.02
1309,3,3,Delhi,Builder Floor,24,0,8.7,58.03
1124,2,3,Bangalore,Villa,15,0,3.86,83.31
1950,4,4,Delhi,Apartment,20,1,1.12,132.3
1803,4,3,Bangalore,Apartment,16,1,3.09,125.61
2072,3,3,Delhi,Builder Floor,10,1,7.07,111.09
1029,2,3,Mumbai,Builder Floor,8,0,6.88,58.69
945,2,2,Mumbai,Apartment,1,0,7.28,62.79
679,1,2,Delhi,Apartment,12,0,5.34,16.72
713,1,1,Mumbai,Builder Floor,6,1,5.72,36.06
471,1,2,Delhi,Builder Floor,1,1,2.29,20.85
1301,2,3,Delhi,Apartment,19,1,4.7,58.52
614,1,1,Mumbai,Apartment,18,1,11.79,15.0
715,1,2,Bangalore,Builder Floor,16,1,3.65,15.0
1968,3,2,Bangalore,Apartment,8,1,1.23,115.88
1714,3,2,Bangalore,Apartment,23,1,6.58,76.14
589,1,1,Bangalore,Apartment,7,1,0.3,34.98
1619,3,4,Mumbai,Apartment,22,0,9.1,101.9
1905,3,2,Mumbai,Apartment,4,0,2.21,138.84
762,1,1,Delhi,Apartment,2,1,8.29,36.04
787,1,2,Bangalore,Apartment,0,1,7.84,28.69
1973,3,3,Delhi,Apartment,13,1,1.84,113.25
1345,2,2,Mumbai,Apartment,3,1,6.23,92.24
1178,2,3,Bangalore,Apartment,9,1,11.89,41.72
934,2,2,Delhi,Builder Floor,8,1,2.59,44.08
1889,3,4,Mumbai,Builder Floor,11,0,1.91,135.8
948,2,3,Bangalore,Apartment,9,1,6.28,45.94
2611,4,4,Bangalore,Builder Floor,1,0,1.26,172.3
1160,2,2,Delhi,Apartment,18,0,11.2,40.15
3135,4,4,Delhi,Villa,0,1,0.67,264.38
1117,2,1,Delhi,Apartment,3,0,4.16,59.15
1609,3,3,Bangalore,Apartment,15,1,1.94,97.8
2144,4,4,Mumbai,Villa,11,0,8.57,214.34
1643,3,2,Bangalore,Apartment,15,1,4.12,90.32
557,1,1,Mumbai,Apartment,10,0,4.84,23.43
1066,2,2,Delhi,Apartment,2,1,0.42,65.98
454,1,2,Bangalore,Apartment,14,1,9.29,15.0
1363,2,3,Delhi,Villa,23,0,3.61,107.07
4036,5,4,Bangalore,Apartment,0,0,3.53,269.0
3698,5,5,Delhi,Apartment,13,0,8.65,247.19
2956,5,4,Bangalore,Apartment,9,1,5.15,218.49
2124,3,3,Bangalore,Apartment,4,1,9.71,111.49
503,1,1,Delhi,Apartment,1,0,7.31,15.0
941,2,1,Bangalore,Apartment,22,1,4.27,36.16
1607,3,3,Delhi,Villa,4,0,6.71,147.29
745,1,1,Mumbai,Apartment,17,1,9.94,22.09
1749,3,3,Bangalore,Apartment,5,1,0.8,103.11
2887,4,3,Delhi,Apartment,20,1,1.72,193.03
1366,2,3,Bangalore,Villa,7,1,0.21,124.18
1147,2,1,Mumbai,Apartment,6,1,0.48,90.57
1299,2,3,Mumbai,Apartment,5,1,2.9,86.31
702,1,1,Delhi,Apartment,24,1,7.71,18.36
657,1,2,Bangalore,Apartment,15,1,9.35,15.0
722,1,1,Bangalore,Apartment,5,1,9.54,17.49
841,1,1,Mumbai,Apartment,20,0,7.04,31.52
716,1,2,Mumbai,Apartment,22,1,0.88,45.19
777,1,1,Mumbai,Apartment,9,1,5.53,47.69
1673,3,3,Mumbai,Apartment,13,0,7.78,122.04
1176,2,2,Mumbai,Builder Floor,16,1,9.61,60.2
2196,4,4,Mumbai,Villa,19,0,4.77,211.24
1176,2,2,Mumbai,Apartment,17,1,2.14,72.63
2155,3,2,Mumbai,Apartment,16,0,6.2,145.61
1258,2,2,Bangalore,Apartment,15,1,8.24,50.59
1267,2,2,Bangalore,Apartment,21,1,7.12,56.27
915,2,2,Delhi,Villa,8,1,7.12,82.05
2164,3,3,Bangalore,Apartment,15,0,10.44,98.16
1609,3,2,Mumbai,Apartment,1,1,7.71,129.37
3728,5,6,Mumbai,Apartment,23,1,8.97,299.17
732,1,1,Mumbai,Apartment,0,1,7.1,35.4
664,1,1,Bangalore,Apartment,7,1,7.08,21.84
490,1,1,Delhi,Builder Floor,3,1,3.77,25.78
2131,4,3,Bangalore,Apartment,8,0,2.16,129.72
544,1,1,Delhi,Apartment,1,0,8.34,15.0
947,2,3,Mumbai,Apartment,8,0,4.36,57.56
727,1,1,Bangalore,Villa,7,1,2.05,73.3
778,1,1,Delhi,Apartment,10,1,10.55,18.06
1276,3,2,Mumbai,Apartment,1,0,7.68,98.29
1424,3,3,Delhi,Apartment,10,0,3.46,94.99
1067,2,2,Mumbai,Apartment,14,0,11.49,53.15
990,2,3,Delhi,Apartment,7,0,5.09,49.84
1735,3,3,Mumbai,Apartment,12,1,1.62,121.13
2517,4,5,Delhi,Builder Floor,1,1,8.54,161.92
943,2,1,Delhi,Apartment,13,1,11.59,41.7
1344,2,2,Bangalore,Apartment,6,1,4.97,70.6
1010,2,2,Bangalore,Apartment,8,0,3.82,37.95
1469,3,3,Delhi,Apartment,20,1,8.32,82.5
2763,4,4,Bangalore,Apartment,20,0,3.22,151.36
1772,3,3,Mumbai,Apartment,2,0,7.59,132.93
1859,3,3,Bangalore,Builder Floor,9,0,6.44,86.77
506,1,1,Mumbai,Apartment,4,1,7.84,24.6
1842,3,3,Bangalore,Apartment,12,0,6.34,88.95
2105,3,2,Bangalore,Apartment,2,1,10.98,100.12
1071,2,3,Delhi,Villa,0,1,8.33,110.45
1021,2,3,Bangalore,Apartment,13,0,3.07,47.03
1752,3,2,Bangalore,Apartment,8,1,1.94,109.08
1318,2,2,Delhi,Builder Floor,5,1,2.46,80.79
3194,4,5,Mumbai,Builder Floor,6,1,5.11,248.86
3168,4,4,Bangalore,Builder Floor,0,1,3.75,193.2
1930,3,3,Mumbai,Apartment,19,0,1.78,135.68
1281,3,4,Bangalore,Builder Floor,22,1,6.07,57.14
1939,4,4,Bangalore,Apartment,8,1,11.78,114.2
1366,2,2,Delhi,Villa,9,1,2.34,125.27
1221,3,4,Delhi,Builder Floor,20,1,11.45,51.96
1810,3,3,Delhi,Builder Floor,12,0,5.25,98.5
1097,2,1,Bangalore,Apartment,16,0,10.02,30.33
1922,4,4,Mumbai,Apartment,10,1,2.22,168.78
700,1,2,Bangalore,Apartment,20,0,11.73,15.0
460,1,1,Mumbai,Apartment,9,0,7.79,15.0
934,2,3,Bangalore,Apartment,20,1,6.15,37.47
4142,5,5,Mumbai,Builder Floor,8,0,10.94,325.23
1354,2,2,Bangalore,Apartment,15,1,3.24,67.04
1336,2,1,Mumbai,Apartment,16,1,2.27,99.56
576,1,1,Delhi,Apartment,12,1,1.41,35.34
2606,4,4,Mumbai,Apartment,23,0,11.17,185.38
756,1,1,Bangalore,Apartment,14,1,2.37,19.15
811,1,2,Delhi,Builder Floor,15,1,3.55,15.0
1115,2,2,Delhi,Villa,24,1,6.83,100.4
1343,3,3,Mumbai,Apartment,22,1,11.0,89.46
1320,2,3,Delhi,Builder Floor,2,1,2.0,79.81
2171,3,3,Delhi,Apartment,24,1,10.44,117.28
623,1,1,Bangalore,Apartment,24,0,10.59,15.0
2525,5,6,Bangalore,Builder Floor,23,0,11.81,148.75
1435,3,3,Delhi,Apartment,6,0,5.98,88.63
2883,5,4,Mumbai,Apartment,23,0,9.25,228.95
948,2,2,Mumbai,Apartment,14,1,10.99,55.22
1230,2,2,Mumbai,Apartment,7,1,3.49,77.02
1202,2,2,Bangalore,Villa,14,1,2.3,103.08
2583,4,4,Mumbai,Builder Floor,6,1,6.3,210.44
832,1,1,Delhi,Builder Floor,3,1,9.08,24.3
1278,2,2,Mumbai,Apartment,11,1,0.59,96.3
2314,4,4,Mumbai,Apartment,8,0,8.71,179.52
1736,3,3,Bangalore,Apartment,8,1,10.93,87.75
3662,5,5,Mumbai,Apartment,6,1,2.91,318.2
528,1,1,Delhi,Apartment,4,1,5.03,30.5
1159,2,2,Bangalore,Apartment,24,1,2.32,54.72
2456,4,4,Mumbai,Apartment,22,1,9.42,185.14
850,2,2,Mumbai,Villa,3,1,4.41,121.13
2171,3,3,Bangalore,Apartment,12,1,6.37,112.72
2699,4,4,Bangalore,Apartment,10,0,10.95,144.38
3185,4,4,Delhi,Builder Floor,0,0,3.34,204.34
583,1,1,Bangalore,Apartment,18,1,5.27,16.61
2103,4,4,Bangalore,Builder Floor,1,1,0.27,153.34
1014,2,2,Mumbai,Villa,1,1,11.98,102.49
769,1,1,Delhi,Apartment,12,0,4.0,31.48
1271,2,2,Delhi,Villa,17,1,9.38,105.7
2051,3,3,Mumbai,Builder Floor,8,0,2.5,152.46
1678,3,3,Mumbai,Apartment,11,0,6.45,122.19
581,1,2,Bangalore,Apartment,13,1,7.77,15.0
2158,4,4,Delhi,Apartment,17,1,1.57,145.81
811,1,1,Delhi,Apartment,11,0,5.73,30.2
3783,5,5,Mumbai,Apartment,11,0,6.07,312.13
685,1,1,Mumbai,Villa,2,1,2.33,93.52
1561,3,4,Mumbai,Apartment,22,0,6.66,107.87
3054,4,4,Mumbai,Apartment,23,0,2.31,233.52
1742,3,4,Mumbai,Builder Floor,22,1,5.38,119.12
2843,4,4,Delhi,Apartment,15,1,11.33,172.24
616,1,1,Mumbai,Apartment,16,1,0.2,36.3
1662,3,3,Bangalore,Apartment,18,1,7.46,76.76
1215,2,2,Bangalore,Villa,19,0,4.59,86.29
1138,2,3,Delhi,Apartment,16,1,7.07,55.5
1248,3,3,Delhi,Builder Floor,3,1,5.18,86.66
663,1,1,Bangalore,Apartment,24,0,0.67,15.0
1117,2,3,Delhi,Apartment,6,1,6.89,71.46
892,2,3,Bangalore,Builder Floor,23,1,11.37,15.0
1291,2,2,Bangalore,Builder Floor,11,1,5.56,59.9
634,1,1,Delhi,Builder Floor,20,1,7.81,15.0
4092,5,4,Mumbai,Builder Floor,24,1,0.28,333.51
1212,2,2,Mumbai,Builder Floor,24,1,5.93,62.2
1207,2,2,Bangalore,Builder Floor,8,1,5.81,50.53
919,2,3,Bangalore,Builder Floor,14,1,7.1,41.14
906,2,2,Delhi,Apartment,7,1,7.97,51.93
1210,2,2,Mumbai,Apartment,6,1,2.68,88.11
1669,3,3,Mumbai,Villa,6,0,2.18,178.49
1294,2,1,Delhi,Apartment,18,0,10.35,42.57
1211,2,2,Mumbai,Apartment,3,1,1.43,82.85
846,1,2,Bangalore,Apartment,20,1,11.99,15.0
1371,2,2,Bangalore,Apartment,18,1,3.89,61.96
1774,3,3,Mumbai,Apartment,24,1,10.79,125.62
1207,3,3,Delhi,Apartment,2,1,10.8,76.53
3113,5,5,Delhi,Builder Floor,5,1,9.38,222.18
4391,5,5,Bangalore,Apartment,22,0,11.35,240.93
899,2,2,Delhi,Builder Floor,1,0,7.76,27.45
588,1,1,Bangalore,Apartment,6,1,1.12,27.74
1301,2,2,Mumbai,Apartment,20,1,6.54,76.29
4325,5,4,Bangalore,Apartment,11,1,3.83,266.13
1294,2,2,Bangalore,Apartment,2,0,5.97,49.78
833,1,1,Delhi,Apartment,14,0,10.17,22.36
3095,4,3,Delhi,Apartment,8,0,2.38,195.08
1586,3,3,Bangalore,Apartment,24,0,0.97,76.27
679,1,1,Bangalore,Apartment,18,1,11.46,15.0
1251,3,3,Delhi,Builder Floor,3,1,0.89,97.37
1865,3,3,Bangalore,Builder Floor,24,1,9.27,82.97
496,1,1,Mumbai,Apartment,13,1,9.18,15.0
802,1,2,Bangalore,Builder Floor,15,1,6.58,15.0
1851,4,4,Delhi,Apartment,10,1,4.43,141.66
938,2,2,Bangalore,Apartment,4,1,0.79,66.2
3039,5,5,Mumbai,Builder Floor,16,1,7.88,240.38
1315,2,3,Mumbai,Villa,12,1,11.21,110.84
4383,5,6,Bangalore,Apartment,13,1,5.53,268.88
2602,4,5,Delhi,Apartment,11,1,4.77,175.33
731,1,1,Mumbai,Apartment,11,1,7.83,40.29
3473,5,5,Mumbai,Apartment,5,0,7.57,286.86
986,2,2,Bangalore,Apartment,20,1,0.27,56.42
1180,2,2,Delhi,Apartment,0,0,7.71,71.24
1308,2,3,Mumbai,Builder Floor,24,0,5.08,73.21
4477,5,5,Bangalore,Apartment,17,0,4.8,264.99
1037,2,1,Delhi,Apartment,2,0,9.22,38.08
2182,4,5,Bangalore,Apartment,16,1,1.01,155.36
1251,2,3,Bangalore,Apartment,22,1,5.7,43.13
808,1,1,Bangalore,Apartment,8,0,3.6,22.02
1875,3,3,Bangalore,Apartment,0,1,5.61,103.39
703,1,2,Bangalore,Apartment,23,1,2.53,15.0
2004,3,3,Mumbai,Apartment,13,0,3.05,146.5
782,1,1,Delhi,Apartment,2,0,6.55,21.03
1956,3,3,Delhi,Apartment,24,0,9.06,91.24
1971,4,5,Delhi,Apartment,18,1,6.9,129.69
458,1,1,Delhi,Apartment,22,1,3.82,15.0
1231,2,2,Mumbai,Villa,7,1,2.58,145.12
1700,3,3,Bangalore,Apartment,8,1,2.98,89.23
1663,3,3,Mumbai,Builder Floor,19,0,10.71,91.16
1274,3,4,Mumbai,Builder Floor,22,1,7.05,75.67
1675,3,2,Bangalore,Apartment,7,1,8.03,91.64
1382,2,2,Mumbai,Apartment,16,1,5.9,84.08
1550,3,3,Bangalore,Apartment,13,1,9.59,85.52
2211,4,4,Mumbai,Apartment,2,1,9.11,191.47
1053,2,2,Mumbai,Villa,4,1,11.71,104.02
750,1,1,Bangalore,Villa,18,1,2.74,57.49
1801,3,3,Delhi,Builder Floor,16,1,5.86,108.43
1308,2,2,Mumbai,Apartment,8,1,9.62,77.71
673,1,1,Bangalore,Builder Floor,4,1,7.2,22.31
4271,5,5,Bangalore,Builder Floor,2,1,0.33,257.5
744,1,2,Mumbai,Apartment,16,1,7.93,28.07
664,1,1,Bangalore,Builder Floor,5,1,11.54,15.77
1103,2,2,Delhi,Builder Floor,15,1,6.66,51.22
1803,3,3,Delhi,Villa,3,1,2.98,176.42
880,2,2,Bangalore,Apartment,2,0,8.45,50.24
1411,3,3,Bangalore,Apartment,6,0,5.2,80.87
789,1,2,Delhi,Apartment,14,1,2.34,38.53
475,1,1,Delhi,Apartment,4,0,11.81,15.0
926,2,3,Bangalore,Apartment,1,0,3.24,51.62
1165,2,2,Delhi,Apartment,14,0,8.06,54.41
1358,2,1,Delhi,Apartment,15,1,0.87,73.87
988,2,2,Bangalore,Apartment,7,1,4.4,46.75
2143,3,2,Delhi,Apartment,16,1,3.65,114.6
1933,3,3,Delhi,Builder Floor,4,1,11.47,107.6
1188,2,1,Delhi,Apartment,16,0,1.57,59.52
1937,3,3,Delhi,Builder Floor,17,0,10.99,93.68
641,1,1,Delhi,Apartment,6,1,4.97,19.01
1263,3,3,Bangalore,Builder Floor,7,0,10.3,51.13
1091,2,2,Mumbai,Villa,13,1,6.58,111.9
886,2,3,Mumbai,Apartment,15,1,3.96,60.85
1116,2,2,Delhi,Apartment,7,1,7.13,57.42
1791,3,3,Delhi,Apartment,23,0,9.6,85.13
2091,4,3,Delhi,Apartment,22,1,11.76,124.6
1542,3,2,Mumbai,Apartment,22,1,9.52,109.23
2089,3,3,Mumbai,Villa,12,1,11.97,183.85
1168,2,3,Bangalore,Builder Floor,21,0,9.3,36.63
2630,4,3,Mumbai,Apartment,9,1,11.8,209.18
2879,4,4,Bangalore,Apartment,10,1,3.47,177.86
3227,5,5,Bangalore,Apartment,23,1,9.35,201.67
998,2,3,Delhi,Apartment,3,1,5.19,60.32
1399,2,2,Bangalore,Builder Floor,18,0,8.42,37.93
1732,3,2,Mumbai,Builder Floor,10,1,5.53,122.48
2070,3,3,Bangalore,Apartment,2,0,9.6,87.69
1412,3,3,Bangalore,Apartment,16,1,6.86,63.57
2031,3,3,Bangalore,Builder Floor,0,1,7.53,112.79
1565,3,3,Bangalore,Apartment,13,0,8.88,68.1
779,1,1,Bangalore,Apartment,18,1,3.01,25.15
567,1,1,Bangalore,Apartment,14,1,8.62,15.59
931,2,3,Bangalore,Apartment,18,0,6.29,28.42
902,2,2,Bangalore,Builder Floor,11,0,6.65,24.97
1381,3,3,Bangalore,Apartment,16,1,7.54,69.81
1234,2,2,Mumbai,Apartment,13,1,11.23,61.75
462,1,2,Delhi,Builder Floor,21,1,1.13,15.0
779,1,2,Bangalore,Apartment,23,1,0.24,29.92
1398,2,1,Mumbai,Apartment,17,1,11.64,74.2
2452,4,4,Bangalore,Apartment,1,0,2.81,161.26
1933,4,4,Bangalore,Builder Floor,4,1,8.74,114.07
1038,2,2,Delhi,Builder Floor,9,1,0.98,52.62
1954,4,5,Mumbai,Apartment,1,1,1.61,185.98
973,2,2,Delhi,Apartment,8,0,10.23,27.89
974,2,2,Bangalore,Apartment,8,0,3.67,39.43
692,1,2,Mumbai,Apartment,17,0,1.26,25.44
1809,3,4,Bangalore,Apartment,20,0,4.98,95.9
3256,5,6,Delhi,Builder Floor,14,0,6.66,225.92
1312,2,3,Delhi,Builder Floor,2,0,4.93,66.84
651,1,2,Bangalore,Builder Floor,20,1,10.4,15.0
1156,2,2,Delhi,Apartment,11,1,8.87,57.73
1118,2,2,Mumbai,Villa,8,1,7.3,116.98
2368,4,4,Mumbai,Apartment,14,0,2.56,187.02
1338,2,2,Delhi,Builder Floor,19,1,9.31,46.2
542,1,1,Bangalore,Villa,6,0,10.7,49.81
3123,4,4,Bangalore,Villa,4,1,4.93,225.22
1665,3,3,Delhi,Builder Floor,7,0,5.93,106.4
1114,2,2,Bangalore,Apartment,12,0,1.91,46.29
617,1,1,Mumbai,Apartment,9,1,1.77,42.12
2077,3,3,Bangalore,Apartment,4,0,5.56,111.02
1168,2,1,Delhi,Apartment,1,1,10.06,66.19
1052,2,2,Delhi,Builder Floor,4,0,2.19,54.21
3062,4,4,Delhi,Apartment,14,1,1.33,213.65
1256,2,2,Bangalore,Apartment,23,0,9.59,33.78
1261,2,2,Bangalore,Apartment,13,0,0.34,57.4
2099,3,3,Mumbai,Villa,14,1,8.57,188.0
1389,2,3,Bangalore,Apartment,10,0,8.52,45.92
1660,3,3,Mumbai,Builder Floor,23,1,7.37,108.63
1095,2,2,Bangalore,Apartment,9,1,6.19,44.67
2235,4,4,Bangalore,Apartment,18,1,4.27,134.24
612,1,1,Bangalore,Apartment,14,0,4.92,15.0
1169,2,2,Bangalore,Apartment,10,1,11.77,44.77
1792,3,2,Bangalore,Apartment,10,1,8.91,87.19
1371,2,2,Bangalore,Apartment,9,1,1.16,67.7
996,2,1,Delhi,Apartment,18,0,2.01,44.43
780,1,1,Bangalore,Apartment,23,1,4.61,20.72
1333,2,1,Bangalore,Apartment,2,0,11.08,52.29
640,1,1,Bangalore,Apartment,0,1,2.4,23.6
957,2,2,Delhi,Builder Floor,3,1,5.31,46.07
1197,2,2,Mumbai,Builder Floor,8,0,5.9,79.36
1382,2,2,Mumbai,Apartment,9,1,3.17,99.47
2605,5,4,Delhi,Apartment,18,1,1.59,201.08
752,1,2,Bangalore,Apartment,17,1,3.09,24.96
616,1,1,Mumbai,Villa,0,0,4.12,77.92
852,2,2,Mumbai,Builder Floor,17,1,8.01,37.82
1428,3,4,Delhi,Apartment,3,1,7.75,94.27
1147,2,2,Mumbai,Apartment,1,0,11.63,66.55
708,1,1,Bangalore,Apartment,2,1,1.38,34.77
773,1,1,Bangalore,Builder Floor,7,0,0.37,42.4
1213,2,1,Delhi,Apartment,0,1,7.99,63.16
1269,2,2,Bangalore,Villa,20,1,11.64,93.55
1070,2,2,Mumbai,Apartment,11,1,7.86,64.95
1086,2,2,Mumbai,Apartment,5,1,2.02,69.8
738,1,2,Bangalore,Villa,22,0,2.87,56.63
2086,3,3,Bangalore,Apartment,18,1,5.63,91.87
1350,2,1,Mumbai,Builder Floor,5,1,1.22,94.37
1165,2,3,Delhi,Villa,2,0,1.63,103.32
1751,3,4,Delhi,Apartment,9,1,7.92,104.6
1238,2,2,Delhi,Apartment,1,0,5.96,68.87
2068,4,4,Delhi,Builder Floor,4,0,10.93,138.07
1746,3,3,Mumbai,Apartment,12,1,11.93,110.97
2702,4,3,Mumbai,Apartment,4,1,8.91,213.5
4030,5,4,Mumbai,Apartment,10,1,1.77,340.89
2701,5,5,Bangalore,Builder Floor,23,1,1.41,181.68
2081,3,4,Bangalore,Apartment,9,1,3.34,112.38
1869,3,4,Bangalore,Villa,5,0,6.58,134.55
497,1,1,Mumbai,Apartment,23,1,0.88,20.98
1189,2,2,Bangalore,Apartment,12,1,3.86,63.63
1255,2,1,Delhi,Apartment,18,1,3.58,52.91
1499,3,3,Bangalore,Apartment,3,0,7.54,74.8
1282,2,2,Bangalore,Apartment,11,0,6.45,57.38
1621,3,4,Bangalore,Apartment,13,1,4.53,93.6
1106,2,2,Mumbai,Villa,4,1,4.11,120.95
1826,3,4,Bangalore,Builder Floor,4,1,7.93,103.91
3293,5,5,Bangalore,Builder Floor,17,1,2.94,211.35
960,2,2,Mumbai,Apartment,21,0,11.79,36.26
2203,4,5,Bangalore,Villa,2,1,11.62,185.88
1105,2,1,Bangalore,Apartment,18,1,2.71,50.23
479,1,1,Delhi,Builder Floor,3,1,4.78,23.8
2714,5,5,Mumbai,Villa,4,0,6.98,279.5
1338,2,3,Delhi,Apartment,5,0,10.64,64.75
1999,4,4,Delhi,Villa,12,1,7.67,185.04
1206,2,2,Delhi,Apartment,2,0,6.16,58.36
1369,2,3,Delhi,Apartment,19,1,5.55,59.69
2099,3,3,Mumbai,Apartment,22,0,0.6,158.78
868,2,2,Mumbai,Apartment,16,0,10.58,37.28
2291,4,4,Mumbai,Apartment,2,1,11.59,188.09
802,1,2,Bangalore,Apartment,21,1,11.77,20.26
1197,2,1,Bangalore,Villa,20,0,5.45,93.98
787,1,1,Delhi,Villa,12,1,8.43,73.69
1568,3,4,Bangalore,Apartment,24,1,9.55,69.23
1376,3,3,Delhi,Builder Floor,12,1,10.94,72.63
1280,2,2,Delhi,Apartment,1,1,11.86,53.05
1177,2,2,Delhi,Apartment,19,1,9.95,45.24
1250,3,3,Mumbai,Apartment,4,1,0.88,104.98
1398,2,3,Mumbai,Apartment,18,1,1.34,92.14
1086,2,3,Bangalore,Apartment,17,1,11.57,33.4
2929,5,5,Delhi,Apartment,6,1,1.97,222.06
999,2,1,Mumbai,Apartment,18,0,0.25,63.06
496,1,1,Mumbai,Builder Floor,6,0,4.68,15.0
1330,3,2,Bangalore,Apartment,20,1,9.89,57.3
1329,2,2,Bangalore,Apartment,21,1,11.27,37.34
1384,2,2,Bangalore,Apartment,4,0,0.71,65.61
1737,3,3,Delhi,Builder Floor,24,0,2.82,86.36
480,1,1,Delhi,Apartment,21,1,4.3,20.52
1243,2,2,Bangalore,Builder Floor,24,1,8.66,41.0
2148,3,3,Mumbai,Apartment,6,1,8.7,152.11
1200,2,2,Bangalore,Apartment,7,1,3.81,67.14
1318,2,1,Mumbai,Apartment,13,0,4.81,90.1
724,1,1,Mumbai,Builder Floor,12,0,0.64,32.95
1104,2,3,Bangalore,Apartment,18,1,6.12,42.61
1137,2,1,Delhi,Apartment,10,0,3.67,52.31
868,2,2,Bangalore,Builder Floor,13,0,10.11,15.0
855,2,2,Delhi,Apartment,24,1,2.4,35.86
1308,2,2,Mumbai,Apartment,18,1,4.56,90.3
943,2,2,Mumbai,Apartment,20,1,8.75,52.9
872,2,2,Mumbai,Apartment,0,1,8.26,59.06
794,1,1,Delhi,Apartment,22,1,8.09,22.92
572,1,1,Delhi,Villa,21,1,8.35,47.12
1007,2,2,Bangalore,Apartment,7,0,6.12,38.93
2555,5,5,Bangalore,Apartment,21,1,6.73,181.2
554,1,2,Mumbai,Apartment,17,1,8.45,21.53
1540,3,4,Delhi,Apartment,6,1,10.29,102.29
1240,2,2,Delhi,Apartment,11,1,11.69,58.32
580,1,1,Delhi,Builder Floor,22,1,10.91,15.0
1346,2,2,Bangalore,Builder Floor,14,1,8.86,57.66
1560,3,3,Bangalore,Apartment,10,0,10.53,65.78
4139,5,5,Bangalore,Apartment,9,1,9.93,253.06
1193,2,2,Bangalore,Apartment,12,1,5.69,53.83
716,1,1,Mumbai,Apartment,11,0,5.03,28.32
4118,5,4,Bangalore,Apartment,17,1,10.54,245.78
909,2,3,Delhi,Apartment,22,1,4.13,50.5
1199,2,1,Mumbai,Builder Floor,2,0,2.36,74.99
1305,2,3,Bangalore,Villa,5,1,6.51,103.85
485,1,1,Bangalore,Apartment,18,0,1.91,15.0
453,1,1,Delhi,Villa,1,1,2.44,67.84
887,2,2,Mumbai,Apartment,10,1,5.38,57.26
1350,2,2,Delhi,Apartment,16,1,0.95,70.68
602,1,1,Delhi,Apartment,6,1,5.04,35.82
1116,2,2,Delhi,Apartment,19,1,7.86,48.89
3081,4,4,Delhi,Villa,21,0,7.81,227.08
1876,4,4,Delhi,Apartment,6,1,2.56,151.1
990,2,2,Bangalore,Builder Floor,24,1,7.32,41.0
1025,2,2,Mumbai,Apartment,0,1,9.74,75.96
615,1,1,Delhi,Apartment,8,0,7.25,15.0
2316,4,5,Delhi,Apartment,24,0,7.74,131.45
1271,3,3,Mumbai,Villa,12,1,1.62,153.12
580,1,1,Mumbai,Builder Floor,10,1,7.19,15.0
1740,3,4,Delhi,Apartment,15,1,0.35,111.95
1309,2,2,Delhi,Apartment,20,1,9.18,60.64
1825,3,4,Bangalore,Apartment,9,1,9.7,94.11
545,1,1,Bangalore,Apartment,24,1,5.73,15.0
1895,4,3,Mumbai,Builder Floor,17,1,11.58,145.58
800,1,2,Bangalore,Apartment,10,1,10.13,15.0
1178,2,2,Mumbai,Apartment,17,1,5.3,70.39
2550,5,6,Mumbai,Builder Floor,17,1,11.21,216.59
3609,5,5,Mumbai,Builder Floor,23,1,6.72,283.68
1830,4,3,Delhi,Apartment,2,1,2.43,150.97
737,1,1,Mumbai,Apartment,22,1,2.13,28.98
640,1,1,Mumbai,Villa,19,0,4.82,70.73
1506,3,4,Mumbai,Apartment,8,1,8.76,111.06
995,2,2,Bangalore,Builder Floor,24,1,2.26,41.96
1267,2,3,Mumbai,Villa,9,1,1.2,139.12
882,2,2,Bangalore,Apartment,12,1,9.54,27.46
1262,2,2,Mumbai,Builder Floor,16,0,5.31,61.16
1166,2,1,Mumbai,Apartment,13,1,5.09,75.91
974,2,2,Mumbai,Apartment,17,1,6.17,61.85
928,2,2,Bangalore,Apartment,22,1,1.53,52.83
4389,5,4,Bangalore,Apartment,3,1,5.06,256.3
1381,2,2,Delhi,Villa,16,1,11.88,100.11
858,2,2,Delhi,Apartment,0,1,10.7,45.18
1349,2,2,Delhi,Apartment,3,1,7.42,70.66
1271,2,3,Bangalore,Apartment,7,0,10.69,48.93
1757,3,3,Delhi,Apartment,23,0,9.63,90.17
541,1,1,Bangalore,Apartment,2,1,9.59,19.45
2040,3,3,Mumbai,Apartment,12,0,2.52,143.5
1191,2,2,Delhi,Apartment,16,1,11.17,40.58
476,1,1,Delhi,Apartment,8,1,5.52,18.64
677,1,2,Bangalore,Apartment,21,1,9.93,15.0
1006,2,2,Bangalore,Villa,15,1,11.01,80.75
748,1,1,Mumbai,Villa,8,1,11.97,64.67
1701,3,3,Bangalore,Apartment,5,1,1.14,102.76
572,1,2,Mumbai,Builder Floor,14,1,9.7,15.0
1368,2,2,Delhi,Apartment,16,0,7.46,66.07
836,1,2,Mumbai,Apartment,1,1,10.84,38.14
1049,2,1,Delhi,Builder Floor,20,0,4.5,43.8
1367,3,3,Delhi,Apartment,17,1,2.09,87.31
1887,3,3,Mumbai,Apartment,5,1,7.62,141.24
970,2,2,Delhi,Apartment,7,0,7.79,48.71
2399,4,5,Delhi,Apartment,21,1,9.81,146.92
1171,2,2,Mumbai,Apartment,18,1,11.36,64.22
913,2,3,Delhi,Apartment,22,0,0.6,46.84
754,1,2,Bangalore,Apartment,6,0,8.37,19.59
3165,5,4,Delhi,Apartment,12,1,10.42,217.1
925,2,3,Delhi,Apartment,23,1,11.49,37.18
1108,2,2,Bangalore,Apartment,14,1,3.66,47.81
1424,3,4,Mumbai,Apartment,6,1,5.69,125.46
707,1,1,Bangalore,Apartment,8,0,8.22,15.0
1204,3,4,Mumbai,Apartment,24,1,8.29,84.49
1149,2,1,Bangalore,Apartment,5,1,10.04,45.71
1227,3,3,Mumbai,Apartment,17,1,9.07,77.1
2903,4,3,Mumbai,Apartment,7,1,9.55,214.28
1339,3,4,Bangalore,Apartment,20,0,6.15,68.31
872,2,2,Delhi,Apartment,20,1,0.62,47.62
2383,4,4,Mumbai,Apartment,15,1,9.38,187.07
526,1,1,Bangalore,Apartment,4,1,5.55,15.0
1264,2,2,Bangalore,Apartment,3,0,6.47,61.74
508,1,1,Delhi,Apartment,2,0,7.48,22.25
2400,4,4,Mumbai,Villa,2,1,2.43,252.67
2657,4,4,Bangalore,Builder Floor,21,0,7.05,136.33
497,1,1,Bangalore,Villa,4,0,6.85,59.76
1810,4,5,Delhi,Apartment,2,0,2.24,133.41
1354,2,3,Bangalore,Apartment,10,0,1.62,63.33
2016,4,4,Bangalore,Builder Floor,11,1,4.54,128.96
681,1,1,Bangalore,Apartment,10,1,10.14,15.0
2658,5,5,Mumbai,Apartment,14,0,2.5,239.94
1101,2,2,Bangalore,Villa,15,1,1.11,105.16
1591,3,3,Bangalore,Apartment,12,0,11.49,71.44
3497,5,5,Bangalore,Builder Floor,19,1,8.82,217.41
967,2,2,Bangalore,Apartment,15,1,0.41,54.48
1822,3,2,Mumbai,Villa,19,0,11.63,148.59
943,2,3,Mumbai,Apartment,14,1,4.87,71.29
1226,2,3,Delhi,Apartment,14,1,3.06,64.07
2011,3,3,Delhi,Apartment,19,0,9.2,97.44
2730,5,5,Delhi,Apartment,18,1,11.6,189.88
2526,4,5,Bangalore,Apartment,15,0,5.08,140.16
2503,4,4,Mumbai,Apartment,20,1,9.3,193.53
1970,3,3,Delhi,Builder Floor,23,1,2.27,107.7
1806,3,3,Delhi,Apartment,8,0,5.39,102.48
689,1,1,Delhi,Apartment,9,1,5.67,33.75
2222,4,5,Bangalore,Villa,5,1,6.19,195.06
1346,2,2,Bangalore,Apartment,8,1,3.49,71.09
1388,2,3,Bangalore,Apartment,18,0,5.81,46.81
1089,2,1,Bangalore,Apartment,24,0,5.45,32.7
